listing_id,make,model,year,price_inr,km_driven,fuel,payload_kg,gvw_kg,vehicle_category,weight_class,body_type,axle_count,city,papers_verified,condition,purpose_tags,spec_source_url
VEH-000001,Tata,Ultra T.16,2014,555000,178104,Diesel,11000,16140,rigid_truck,medium,container,2,Kolkata,true,excellent,regional_delivery|ecommerce|fmcg|industrial_goods,https://trucks.tatamotors.com/ultra/tata-ultra-t16
VEH-000002,Tata,Ultra T.9,2025,1470000,9512,Diesel,,9150,rigid_truck,intermediate,open,2,Delhi,true,good,regional_delivery|ecommerce|fmcg|industrial_goods,https://trucks.tatamotors.com/ultra/tata-ultra-t9
VEH-000003,Ashok Leyland,Partner 6 Tyre,2018,445000,194242,Diesel,4885,7490,rigid_truck,intermediate,open,2,Delhi,true,fair,city_delivery|regional_delivery|logistics|industrial_goods,https://www.ashokleyland.com/in/lightvehicles/smallcommercialvechicles/partner/specification?productId=1645
VEH-000004,Tata,Intra V30 Gold,2020,445000,54228,Diesel,1500,2775,pickup,light,open,2,Hyderabad,true,excellent,regional_delivery|construction|logistics,https://smalltrucks.tatamotors.com/tata-intra-v30-gold
VEH-000005,BharatBenz,1917R,2024,2475000,32212,Diesel,10000,18500,rigid_truck,medium,tanker,2,Jaipur,true,good,regional_delivery|fuel_transport|water_transport|industrial_goods,https://www.bharatbenz.com/trucks/mdt-specifications-1917r-73
VEH-000006,Tata,Ace Gold,2025,560000,25631,Diesel,900,1835,mini_truck,light,open,2,Delhi,true,good,city_delivery|logistics|construction,https://smalltrucks.tatamotors.com/tata-ace-gold-diesel
VEH-000007,Ashok Leyland,Bada Dost i5+,2020,480000,74782,Diesel,2114,3800,pickup,light,flatbed,2,Nagpur,true,good,heavy_delivery|construction|industrial_goods,https://www.ashokleyland.com/in/lightvehicles/smallcommercialvechicles/bada-dost-i5-lx-2/specification
VEH-000008,Tata,Ultra T.16,2017,700000,250404,Diesel,11000,16140,rigid_truck,medium,container,2,Nagpur,true,good,regional_delivery|ecommerce|fmcg|industrial_goods,https://trucks.tatamotors.com/ultra/tata-ultra-t16
VEH-000009,Mahindra,Jeeto Strong Diesel,2025,395000,17999,Diesel,815,1605,mini_truck,light,box,2,Mumbai,false,fair,city_delivery|last_mile|vegetable_delivery,https://mahindralastmilemobility.com/jeeto-strong-diesel-cargo
VEH-000010,Eicher,Pro 2059 Plus,2022,630000,117862,Diesel,,7490,rigid_truck,intermediate,open,2,Delhi,true,fair,city_delivery|last_mile|ecommerce|fmcg,https://www.eichertrucksandbuses.com/light-medium-duty-trucks/light-duty/pro-2059
VEH-000011,BharatBenz,1917R,2021,1225000,169257,Diesel,10000,18500,rigid_truck,medium,tanker,2,Delhi,false,fair,regional_delivery|fuel_transport|water_transport|industrial_goods,https://www.bharatbenz.com/trucks/mdt-specifications-1917r-73
VEH-000012,Tata,Ultra T.9,2025,1715000,9579,Diesel,,9150,rigid_truck,intermediate,open,2,Hyderabad,true,excellent,regional_delivery|ecommerce|fmcg|industrial_goods,https://trucks.tatamotors.com/ultra/tata-ultra-t9
VEH-000013,BharatBenz,1015R,2017,520000,180564,Diesel,,10600,rigid_truck,intermediate,box,2,Chennai,true,fair,regional_delivery|fmcg|cold_chain|market_transport,https://www.bharatbenz.com/trucks/mdt-specifications-1015r-41
VEH-000014,Eicher,Pro 2059 Plus,2015,325000,169701,Diesel,,7490,rigid_truck,intermediate,open,2,Indore,false,good,city_delivery|last_mile|ecommerce|fmcg,https://www.eichertrucksandbuses.com/light-medium-duty-trucks/light-duty/pro-2059
VEH-000015,Ashok Leyland,Bada Dost,2023,460000,89152,CNG,1246,2880,mini_truck,light,reefer,2,Hyderabad,true,fair,city_delivery|fmcg|regional_delivery,https://www.ashokleyland.com/in/lightvehicles/smallcommercialvechicles/bada-dost-cng/specification
VEH-000016,Tata,Intra V10,2017,195000,365334,Diesel,1000,2120,mini_truck,light,flatbed,2,Ahmedabad,true,fair,city_delivery|market_transport|logistics,https://smalltruckstest.tatamotors.com/tata-intra-v10
VEH-000017,Tata,Intra V50,2022,525000,34462,Diesel,1500,2940,pickup,light,flatbed,2,Kolkata,true,good,regional_delivery|construction|industrial_goods,https://smalltrucks.tatamotors.com/sites/default/files/product/brochure/Intra_V50%20Brochure%20Low%20res.pdf
VEH-000018,BharatBenz,3528C,2023,2850000,39546,Diesel,20600,35000,rigid_truck,heavy,tipper,4,Ahmedabad,true,fair,mining|construction|infrastructure|aggregates,https://www.bharatbenz.com/uploads/truck_brochure/3528c-truck.pdf
VEH-000019,BharatBenz,3528C,2014,1240000,312382,Diesel,20600,35000,rigid_truck,heavy,tipper,4,Hyderabad,true,good,mining|construction|infrastructure|aggregates,https://www.bharatbenz.com/uploads/truck_brochure/3528c-truck.pdf
VEH-000020,Tata,Ultra T.9,2022,1130000,48053,Diesel,,9150,rigid_truck,intermediate,open,2,Hyderabad,true,excellent,regional_delivery|ecommerce|fmcg|industrial_goods,https://trucks.tatamotors.com/ultra/tata-ultra-t9
VEH-000021,Tata,Ultra T.16,2022,1210000,49109,Diesel,11000,16140,rigid_truck,medium,container,2,Delhi,true,fair,regional_delivery|ecommerce|fmcg|industrial_goods,https://trucks.tatamotors.com/ultra/tata-ultra-t16
VEH-000022,Tata,Intra V10,2014,170000,332746,Diesel,1000,2120,mini_truck,light,flatbed,2,Bengaluru,true,good,city_delivery|market_transport|logistics,https://smalltruckstest.tatamotors.com/tata-intra-v10
VEH-000023,Eicher,Pro 2118,2019,1030000,147812,Diesel,12800,18000,rigid_truck,medium,flatbed,2,Indore,true,good,regional_delivery|construction|industrial_goods|market_transport,https://www.eichertrucksandbuses.com/light-medium-duty-trucks/medium-duty/pro-2118
VEH-000024,Mahindra,Jeeto Strong Diesel,2024,380000,27314,Diesel,815,1605,mini_truck,light,box,2,Delhi,true,good,city_delivery|last_mile|vegetable_delivery,https://mahindralastmilemobility.com/jeeto-strong-diesel-cargo
VEH-000025,Tata,Signa 4932.T,2018,1950000,325648,Diesel,35300,49000,rigid_truck,heavy,flatbed,5,Indore,false,good,long_haul|industrial_goods|steel|market_transport,https://trucks.tatamotors.com/assets/trucks/files/2026-01/tata-signa-4932t.pdf
VEH-000026,Ashok Leyland,AVTR 4825 10x2,2023,3695000,63491,Diesel,32000,47500,rigid_truck,heavy,tipper,5,Mumbai,true,good,construction|coal|aggregates|roadwork,https://www.ashokleyland.com/in/pressrelease/ashok-leyland-launches-avtr-4825-10x2-tipper-with-tandem-dummy-axle
VEH-000027,Eicher,Pro 6048T,2018,1715000,133433,Diesel,32500,47500,rigid_truck,heavy,tipper,5,Ahmedabad,true,fair,mining|construction|coal|aggregates,https://www.eichertrucksandbuses.com/heavy-duty-trucks/tipper/pro-6048T
VEH-000028,Tata,Intra V50,2022,580000,41234,Diesel,1500,2940,pickup,light,flatbed,2,Mumbai,true,good,regional_delivery|construction|industrial_goods,https://smalltrucks.tatamotors.com/sites/default/files/product/brochure/Intra_V50%20Brochure%20Low%20res.pdf
VEH-000029,Mahindra,Furio 10,2023,1350000,36405,Diesel,6000,10350,rigid_truck,intermediate,box,2,Hyderabad,true,excellent,regional_delivery|ecommerce|fmcg|parcel_delivery,https://www.mahindratruckandbus.com/english/pdf/icv/furio-10.pdf
VEH-000030,Tata,Ace Gold,2016,180000,167009,Diesel,900,1835,mini_truck,light,open,2,Chennai,true,excellent,city_delivery|logistics|construction,https://smalltrucks.tatamotors.com/tata-ace-gold-diesel
VEH-000031,Tata,Intra V50,2022,450000,132727,Diesel,1500,2940,pickup,light,flatbed,2,Chennai,true,good,regional_delivery|construction|industrial_goods,https://smalltrucks.tatamotors.com/sites/default/files/product/brochure/Intra_V50%20Brochure%20Low%20res.pdf
VEH-000032,Tata,Ace Gold,2025,560000,24411,Diesel,900,1835,mini_truck,light,open,2,Ahmedabad,true,good,city_delivery|logistics|construction,https://smalltrucks.tatamotors.com/tata-ace-gold-diesel
VEH-000033,Mahindra,Jeeto Strong Diesel,2024,440000,29919,Diesel,815,1605,mini_truck,light,box,2,Chennai,true,excellent,city_delivery|last_mile|vegetable_delivery,https://mahindralastmilemobility.com/jeeto-strong-diesel-cargo
VEH-000034,BharatBenz,3528C,2025,4385000,34622,Diesel,20600,35000,rigid_truck,heavy,tipper,4,Nagpur,true,good,mining|construction|infrastructure|aggregates,https://www.bharatbenz.com/uploads/truck_brochure/3528c-truck.pdf
VEH-000035,Tata,Ace Gold,2014,150000,259521,Diesel,900,1835,mini_truck,light,open,2,Pune,true,good,city_delivery|logistics|construction,https://smalltrucks.tatamotors.com/tata-ace-gold-diesel
VEH-000036,BharatBenz,3528C,2018,1355000,156135,Diesel,20600,35000,rigid_truck,heavy,tipper,4,Bengaluru,true,fair,mining|construction|infrastructure|aggregates,https://www.bharatbenz.com/uploads/truck_brochure/3528c-truck.pdf
VEH-000037,Tata,Intra V10,2015,180000,151547,Diesel,1000,2120,mini_truck,light,flatbed,2,Hyderabad,true,good,city_delivery|market_transport|logistics,https://smalltruckstest.tatamotors.com/tata-intra-v10
VEH-000038,Mahindra,Blazo X 48,2017,1625000,96442,Diesel,32000,47500,rigid_truck,heavy,tipper,5,Mumbai,true,good,mining|construction|coal|aggregates,https://www.mahindratruckandbus.com/english/pdf/hcv/blazo_48_tipper.pdf
VEH-000039,Tata,Signa 4825.TK,2020,2505000,97427,Diesel,38000,47500,rigid_truck,heavy,tipper,5,Ahmedabad,false,good,mining|construction|coal|aggregates,https://www.tatamotors.com/press-releases/tata-motors-introduces-indias-largest-tipper-truck-the-signa-4825-tk/
VEH-000040,Mahindra,Blazo X 48,2022,2925000,65985,Diesel,32000,47500,rigid_truck,heavy,tipper,5,Mumbai,true,fair,mining|construction|coal|aggregates,https://www.mahindratruckandbus.com/english/pdf/hcv/blazo_48_tipper.pdf
VEH-000041,Mahindra,Bolero Pik-Up,2015,235000,407784,Diesel,1700,3490,pickup,light,open,2,Mumbai,false,good,regional_delivery|agriculture|construction,https://auto.mahindra.com/on/demandware.static/-/Sites-amc-Library/en_IN/-/media/project/mahindra/dotcom/mahindra/in-news---home/pr/brochure/1st.pdf
VEH-000042,Ashok Leyland,AVTR 4825 10x2,2022,3050000,168116,Diesel,32000,47500,rigid_truck,heavy,tipper,5,Jaipur,true,good,construction|coal|aggregates|roadwork,https://www.ashokleyland.com/in/pressrelease/ashok-leyland-launches-avtr-4825-10x2-tipper-with-tandem-dummy-axle
VEH-000043,Eicher,Pro 2118,2020,955000,121497,Diesel,12800,18000,rigid_truck,medium,flatbed,2,Hyderabad,true,fair,regional_delivery|construction|industrial_goods|market_transport,https://www.eichertrucksandbuses.com/light-medium-duty-trucks/medium-duty/pro-2118
VEH-000044,BharatBenz,3528C,2020,2065000,43149,Diesel,20600,35000,rigid_truck,heavy,tipper,4,Indore,true,fair,mining|construction|infrastructure|aggregates,https://www.bharatbenz.com/uploads/truck_brochure/3528c-truck.pdf
VEH-000045,Mahindra,Bolero Pik-Up,2020,410000,218619,Diesel,1700,3490,pickup,light,open,2,Mumbai,false,good,regional_delivery|agriculture|construction,https://auto.mahindra.com/on/demandware.static/-/Sites-amc-Library/en_IN/-/media/project/mahindra/dotcom/mahindra/in-news---home/pr/brochure/1st.pdf
VEH-000046,Tata,Ace Gold,2014,150000,200818,CNG,660,1630,mini_truck,light,box,2,Chennai,true,fair,city_delivery|last_mile|fmcg|vegetable_delivery,https://smalltrucks.tatamotors.com/assets/smalltrucks/files/2025-01/ACE%20GOLD%20CNG.pdf
VEH-000047,Eicher,Pro 2118,2019,990000,88213,Diesel,12800,18000,rigid_truck,medium,flatbed,2,Chennai,true,fair,regional_delivery|construction|industrial_goods|market_transport,https://www.eichertrucksandbuses.com/light-medium-duty-trucks/medium-duty/pro-2118
VEH-000048,BharatBenz,3528C,2021,2185000,142423,Diesel,20600,35000,rigid_truck,heavy,tipper,4,Mumbai,true,good,mining|construction|infrastructure|aggregates,https://www.bharatbenz.com/uploads/truck_brochure/3528c-truck.pdf
VEH-000049,Mahindra,Blazo X 48,2016,1325000,239958,Diesel,32000,47500,rigid_truck,heavy,tipper,5,Pune,true,good,mining|construction|coal|aggregates,https://www.mahindratruckandbus.com/english/pdf/hcv/blazo_48_tipper.pdf
VEH-000050,Eicher,Pro 2059 Plus,2018,450000,174607,Diesel,,7490,rigid_truck,intermediate,open,2,Jaipur,true,good,city_delivery|last_mile|ecommerce|fmcg,https://www.eichertrucksandbuses.com/light-medium-duty-trucks/light-duty/pro-2059
VEH-000051,Tata,Ace Gold,2021,290000,134645,Diesel,900,1835,mini_truck,light,open,2,Indore,true,good,city_delivery|logistics|construction,https://smalltrucks.tatamotors.com/tata-ace-gold-diesel
VEH-000052,Tata,Intra V30 Gold,2023,530000,20410,Diesel,1500,2775,pickup,light,open,2,Kolkata,true,fair,regional_delivery|construction|logistics,https://smalltrucks.tatamotors.com/tata-intra-v30-gold
VEH-000053,Ashok Leyland,AVTR 4825 10x2,2014,1255000,348362,Diesel,32000,47500,rigid_truck,heavy,tipper,5,Chennai,false,good,construction|coal|aggregates|roadwork,https://www.ashokleyland.com/in/pressrelease/ashok-leyland-launches-avtr-4825-10x2-tipper-with-tandem-dummy-axle
VEH-000054,Tata,Signa 4932.T,2019,2255000,88981,Diesel,35300,49000,rigid_truck,heavy,flatbed,5,Mumbai,true,fair,long_haul|industrial_goods|steel|market_transport,https://trucks.tatamotors.com/assets/trucks/files/2026-01/tata-signa-4932t.pdf
VEH-000055,BharatBenz,4828RT,2023,3405000,100963,Diesel,36350,47500,rigid_truck,heavy,tipper,5,Pune,true,good,mining|construction|coal|aggregates,https://www.bharatbenz.com/uploads/truck_brochure/4828rt_74.pdf
VEH-000056,Ashok Leyland,Bada Dost i6,2017,370000,230548,Diesel,2357,4100,pickup,light,open,2,Kolkata,true,good,heavy_delivery|construction|regional_delivery,https://www.ashokleyland.com/in/lightvehicles/smallcommercialvechicles/bada-dost-i6-lx/specification
VEH-000057,Tata,Intra V30 Gold,2015,205000,212925,Diesel,1500,2775,pickup,light,open,2,Pune,true,good,regional_delivery|construction|logistics,https://smalltrucks.tatamotors.com/tata-intra-v30-gold
VEH-000058,Tata,Intra V50,2020,365000,132640,Diesel,1500,2940,pickup,light,flatbed,2,Bengaluru,true,excellent,regional_delivery|construction|industrial_goods,https://smalltrucks.tatamotors.com/sites/default/files/product/brochure/Intra_V50%20Brochure%20Low%20res.pdf
VEH-000059,Mahindra,Bolero Pik-Up,2019,325000,134704,Diesel,1700,3490,pickup,light,open,2,Bengaluru,false,good,regional_delivery|agriculture|construction,https://auto.mahindra.com/on/demandware.static/-/Sites-amc-Library/en_IN/-/media/project/mahindra/dotcom/mahindra/in-news---home/pr/brochure/1st.pdf
VEH-000060,Tata,Ultra T.9,2016,400000,202284,Diesel,,9150,rigid_truck,intermediate,open,2,Bengaluru,false,fair,regional_delivery|ecommerce|fmcg|industrial_goods,https://trucks.tatamotors.com/ultra/tata-ultra-t9
VEH-000061,BharatBenz,3528C,2014,1095000,393741,Diesel,20600,35000,rigid_truck,heavy,tipper,4,Delhi,true,good,mining|construction|infrastructure|aggregates,https://www.bharatbenz.com/uploads/truck_brochure/3528c-truck.pdf
VEH-000062,Mahindra,Jeeto Strong Diesel,2015,150000,382403,Diesel,815,1605,mini_truck,light,box,2,Nagpur,false,good,city_delivery|last_mile|vegetable_delivery,https://mahindralastmilemobility.com/jeeto-strong-diesel-cargo
VEH-000063,BharatBenz,1015R,2016,595000,286521,Diesel,,10600,rigid_truck,intermediate,box,2,Jaipur,true,excellent,regional_delivery|fmcg|cold_chain|market_transport,https://www.bharatbenz.com/trucks/mdt-specifications-1015r-41
VEH-000064,Mahindra,Jeeto Strong Diesel,2022,250000,83665,Diesel,815,1605,mini_truck,light,box,2,Kolkata,false,fair,city_delivery|last_mile|vegetable_delivery,https://mahindralastmilemobility.com/jeeto-strong-diesel-cargo
VEH-000065,Tata,Ace Gold,2018,285000,77681,Diesel,900,1835,mini_truck,light,open,2,Delhi,true,excellent,city_delivery|logistics|construction,https://smalltrucks.tatamotors.com/tata-ace-gold-diesel
VEH-000066,Tata,Signa 4825.TK,2025,5210000,13681,Diesel,38000,47500,rigid_truck,heavy,tipper,5,Mumbai,true,excellent,mining|construction|coal|aggregates,https://www.tatamotors.com/press-releases/tata-motors-introduces-indias-largest-tipper-truck-the-signa-4825-tk/
VEH-000067,Ashok Leyland,Partner 6 Tyre,2018,490000,217212,Diesel,4885,7490,rigid_truck,intermediate,open,2,Indore,true,good,city_delivery|regional_delivery|logistics|industrial_goods,https://www.ashokleyland.com/in/lightvehicles/smallcommercialvechicles/partner/specification?productId=1645
VEH-000068,Mahindra,Blazo X 48,2021,2545000,59980,Diesel,32000,47500,rigid_truck,heavy,tipper,5,Jaipur,true,fair,mining|construction|coal|aggregates,https://www.mahindratruckandbus.com/english/pdf/hcv/blazo_48_tipper.pdf
VEH-000069,Ashok Leyland,AVTR 4825 10x2,2024,3935000,60025,Diesel,32000,47500,rigid_truck,heavy,tipper,5,Kolkata,false,good,construction|coal|aggregates|roadwork,https://www.ashokleyland.com/in/pressrelease/ashok-leyland-launches-avtr-4825-10x2-tipper-with-tandem-dummy-axle
VEH-000070,Tata,Ultra T.16,2016,670000,259246,Diesel,11000,16140,rigid_truck,medium,container,2,Mumbai,true,good,regional_delivery|ecommerce|fmcg|industrial_goods,https://trucks.tatamotors.com/ultra/tata-ultra-t16
VEH-000071,Mahindra,Bolero Pik-Up,2018,360000,88617,Diesel,1700,3490,pickup,light,open,2,Bengaluru,true,good,regional_delivery|agriculture|construction,https://auto.mahindra.com/on/demandware.static/-/Sites-amc-Library/en_IN/-/media/project/mahindra/dotcom/mahindra/in-news---home/pr/brochure/1st.pdf
VEH-000072,Ashok Leyland,Bada Dost,2015,195000,196092,CNG,1246,2880,mini_truck,light,reefer,2,Bengaluru,false,fair,city_delivery|fmcg|regional_delivery,https://www.ashokleyland.com/in/lightvehicles/smallcommercialvechicles/bada-dost-cng/specification
VEH-000073,Eicher,Pro 2059 Plus,2022,880000,38563,Diesel,,7490,rigid_truck,intermediate,open,2,Hyderabad,true,good,city_delivery|last_mile|ecommerce|fmcg,https://www.eichertrucksandbuses.com/light-medium-duty-trucks/light-duty/pro-2059
VEH-000074,Ashok Leyland,Dost XL,2020,360000,83226,Diesel,1400,2625,mini_truck,light,flatbed,2,Pune,true,good,city_delivery|regional_delivery|logistics,https://www.ashokleyland.com/in/lightvehicles/smallcommercialvechicles/dost-xl/specification
VEH-000075,BharatBenz,3528C,2025,4685000,30512,Diesel,20600,35000,rigid_truck,heavy,tipper,4,Ahmedabad,true,excellent,mining|construction|infrastructure|aggregates,https://www.bharatbenz.com/uploads/truck_brochure/3528c-truck.pdf
VEH-000076,BharatBenz,1917R,2014,730000,281507,Diesel,10000,18500,rigid_truck,medium,tanker,2,Bengaluru,true,excellent,regional_delivery|fuel_transport|water_transport|industrial_goods,https://www.bharatbenz.com/trucks/mdt-specifications-1917r-73
VEH-000077,Eicher,Pro 2118,2018,940000,212320,Diesel,12800,18000,rigid_truck,medium,flatbed,2,Pune,true,good,regional_delivery|construction|industrial_goods|market_transport,https://www.eichertrucksandbuses.com/light-medium-duty-trucks/medium-duty/pro-2118
VEH-000078,Tata,Intra V50,2022,565000,53102,Diesel,1500,2940,pickup,light,flatbed,2,Indore,true,good,regional_delivery|construction|industrial_goods,https://smalltrucks.tatamotors.com/sites/default/files/product/brochure/Intra_V50%20Brochure%20Low%20res.pdf
VEH-000079,Ashok Leyland,Bada Dost i6,2018,340000,151805,Diesel,2357,4100,pickup,light,open,2,Pune,true,fair,heavy_delivery|construction|regional_delivery,https://www.ashokleyland.com/in/lightvehicles/smallcommercialvechicles/bada-dost-i6-lx/specification
VEH-000080,Tata,Intra V30 Gold,2020,360000,75041,Diesel,1500,2775,pickup,light,open,2,Mumbai,true,good,regional_delivery|construction|logistics,https://smalltrucks.tatamotors.com/tata-intra-v30-gold
VEH-000081,Tata,Intra V10,2015,155000,357698,Diesel,1000,2120,mini_truck,light,flatbed,2,Bengaluru,true,fair,city_delivery|market_transport|logistics,https://smalltruckstest.tatamotors.com/tata-intra-v10
VEH-000082,Tata,Ace Gold,2021,325000,95449,CNG,660,1630,mini_truck,light,box,2,Hyderabad,true,excellent,city_delivery|last_mile|fmcg|vegetable_delivery,https://smalltrucks.tatamotors.com/assets/smalltrucks/files/2025-01/ACE%20GOLD%20CNG.pdf
VEH-000083,Ashok Leyland,Bada Dost i4,2021,560000,67279,Diesel,1825,3490,pickup,light,container,2,Hyderabad,true,excellent,regional_delivery|construction|logistics,https://www.ashokleyland.com/in/lightvehicles/smallcommercialvechicles/bada-dost-i41/specification
VEH-000084,Ashok Leyland,Bada Dost,2019,325000,191878,CNG,1246,2880,mini_truck,light,reefer,2,Bengaluru,true,good,city_delivery|fmcg|regional_delivery,https://www.ashokleyland.com/in/lightvehicles/smallcommercialvechicles/bada-dost-cng/specification
VEH-000085,Ashok Leyland,Bada Dost i6,2024,885000,56345,Diesel,2357,4100,pickup,light,open,2,Delhi,true,good,heavy_delivery|construction|regional_delivery,https://www.ashokleyland.com/in/lightvehicles/smallcommercialvechicles/bada-dost-i6-lx/specification
VEH-000086,Tata,Ace Gold,2019,215000,174420,CNG,660,1630,mini_truck,light,box,2,Pune,true,good,city_delivery|last_mile|fmcg|vegetable_delivery,https://smalltrucks.tatamotors.com/assets/smalltrucks/files/2025-01/ACE%20GOLD%20CNG.pdf
VEH-000087,Tata,Signa 4932.T,2015,1375000,208611,Diesel,35300,49000,rigid_truck,heavy,flatbed,5,Chennai,false,fair,long_haul|industrial_goods|steel|market_transport,https://trucks.tatamotors.com/assets/trucks/files/2026-01/tata-signa-4932t.pdf
VEH-000088,Ashok Leyland,Bada Dost,2022,450000,96370,CNG,1246,2880,mini_truck,light,reefer,2,Mumbai,true,good,city_delivery|fmcg|regional_delivery,https://www.ashokleyland.com/in/lightvehicles/smallcommercialvechicles/bada-dost-cng/specification
VEH-000089,Mahindra,Furio 10,2021,995000,90923,Diesel,6000,10350,rigid_truck,intermediate,box,2,Nagpur,true,good,regional_delivery|ecommerce|fmcg|parcel_delivery,https://www.mahindratruckandbus.com/english/pdf/icv/furio-10.pdf
VEH-000090,Tata,Ultra T.9,2016,495000,111179,Diesel,,9150,rigid_truck,intermediate,open,2,Mumbai,true,good,regional_delivery|ecommerce|fmcg|industrial_goods,https://trucks.tatamotors.com/ultra/tata-ultra-t9
VEH-000091,BharatBenz,1917R,2016,840000,108468,Diesel,10000,18500,rigid_truck,medium,tanker,2,Mumbai,true,good,regional_delivery|fuel_transport|water_transport|industrial_goods,https://www.bharatbenz.com/trucks/mdt-specifications-1917r-73
VEH-000092,BharatBenz,1015R,2021,1125000,87062,Diesel,,10600,rigid_truck,intermediate,box,2,Indore,true,good,regional_delivery|fmcg|cold_chain|market_transport,https://www.bharatbenz.com/trucks/mdt-specifications-1015r-41
VEH-000093,Mahindra,Jeeto Strong Diesel,2015,150000,148179,Diesel,815,1605,mini_truck,light,box,2,Pune,false,good,city_delivery|last_mile|vegetable_delivery,https://mahindralastmilemobility.com/jeeto-strong-diesel-cargo
VEH-000094,BharatBenz,3528C,2025,4150000,18185,Diesel,20600,35000,rigid_truck,heavy,tipper,4,Kolkata,false,good,mining|construction|infrastructure|aggregates,https://www.bharatbenz.com/uploads/truck_brochure/3528c-truck.pdf
VEH-000095,Tata,Signa 4825.TK,2015,1485000,278177,Diesel,38000,47500,rigid_truck,heavy,tipper,5,Hyderabad,true,excellent,mining|construction|coal|aggregates,https://www.tatamotors.com/press-releases/tata-motors-introduces-indias-largest-tipper-truck-the-signa-4825-tk/
VEH-000096,Tata,Ace Gold,2022,320000,68648,CNG,660,1630,mini_truck,light,box,2,Chennai,true,fair,city_delivery|last_mile|fmcg|vegetable_delivery,https://smalltrucks.tatamotors.com/assets/smalltrucks/files/2025-01/ACE%20GOLD%20CNG.pdf
VEH-000097,Ashok Leyland,AVTR 4825 10x2,2014,1375000,143291,Diesel,32000,47500,rigid_truck,heavy,tipper,5,Delhi,false,excellent,construction|coal|aggregates|roadwork,https://www.ashokleyland.com/in/pressrelease/ashok-leyland-launches-avtr-4825-10x2-tipper-with-tandem-dummy-axle
VEH-000098,Tata,Ace Gold,2015,165000,143378,Diesel,900,1835,mini_truck,light,open,2,Pune,false,good,city_delivery|logistics|construction,https://smalltrucks.tatamotors.com/tata-ace-gold-diesel
VEH-000099,Ashok Leyland,AVTR 4825 10x2,2018,2030000,171457,Diesel,32000,47500,rigid_truck,heavy,tipper,5,Kolkata,true,excellent,construction|coal|aggregates|roadwork,https://www.ashokleyland.com/in/pressrelease/ashok-leyland-launches-avtr-4825-10x2-tipper-with-tandem-dummy-axle
VEH-000100,Mahindra,Bolero Pik-Up,2020,320000,203650,Diesel,1700,3490,pickup,light,open,2,Pune,true,fair,regional_delivery|agriculture|construction,https://auto.mahindra.com/on/demandware.static/-/Sites-amc-Library/en_IN/-/media/project/mahindra/dotcom/mahindra/in-news---home/pr/brochure/1st.pdf
VEH-000101,BharatBenz,4828RT,2023,3675000,69205,Diesel,36350,47500,rigid_truck,heavy,tipper,5,Ahmedabad,true,good,mining|construction|coal|aggregates,https://www.bharatbenz.com/uploads/truck_brochure/4828rt_74.pdf
VEH-000102,Tata,Intra V30 Gold,2014,200000,196717,Diesel,1500,2775,pickup,light,open,2,Mumbai,true,good,regional_delivery|construction|logistics,https://smalltrucks.tatamotors.com/tata-intra-v30-gold
VEH-000103,Eicher,Pro 2118,2019,950000,238671,Diesel,12800,18000,rigid_truck,medium,flatbed,2,Indore,true,good,regional_delivery|construction|industrial_goods|market_transport,https://www.eichertrucksandbuses.com/light-medium-duty-trucks/medium-duty/pro-2118
VEH-000104,Eicher,Pro 6028TM,2024,2930000,35876,Diesel,16500,28000,rigid_truck,heavy,tipper,3,Delhi,false,fair,construction|concrete|infrastructure|roadwork,https://www.eichertrucksandbuses.com/heavy-duty-trucks/tipper/pro-6028tm-224kw
VEH-000105,Tata,Signa 4932.T,2018,2165000,331949,Diesel,35300,49000,rigid_truck,heavy,flatbed,5,Hyderabad,false,good,long_haul|industrial_goods|steel|market_transport,https://trucks.tatamotors.com/assets/trucks/files/2026-01/tata-signa-4932t.pdf
VEH-000106,BharatBenz,3528C,2019,1605000,136787,Diesel,20600,35000,rigid_truck,heavy,tipper,4,Ahmedabad,true,fair,mining|construction|infrastructure|aggregates,https://www.bharatbenz.com/uploads/truck_brochure/3528c-truck.pdf
VEH-000107,Ashok Leyland,Bada Dost i5+,2021,500000,86803,Diesel,2114,3800,pickup,light,flatbed,2,Hyderabad,false,good,heavy_delivery|construction|industrial_goods,https://www.ashokleyland.com/in/lightvehicles/smallcommercialvechicles/bada-dost-i5-lx-2/specification
VEH-000108,Ashok Leyland,Bada Dost i6,2021,560000,34583,Diesel,2357,4100,pickup,light,open,2,Bengaluru,true,fair,heavy_delivery|construction|regional_delivery,https://www.ashokleyland.com/in/lightvehicles/smallcommercialvechicles/bada-dost-i6-lx/specification
VEH-000109,Mahindra,Furio 10,2015,505000,313884,Diesel,6000,10350,rigid_truck,intermediate,box,2,Bengaluru,true,excellent,regional_delivery|ecommerce|fmcg|parcel_delivery,https://www.mahindratruckandbus.com/english/pdf/icv/furio-10.pdf
VEH-000110,Mahindra,Furio 10,2023,1270000,45914,Diesel,6000,10350,rigid_truck,intermediate,box,2,Mumbai,true,good,regional_delivery|ecommerce|fmcg|parcel_delivery,https://www.mahindratruckandbus.com/english/pdf/icv/furio-10.pdf
VEH-000111,BharatBenz,3528C,2023,3540000,30349,Diesel,20600,35000,rigid_truck,heavy,tipper,4,Hyderabad,true,good,mining|construction|infrastructure|aggregates,https://www.bharatbenz.com/uploads/truck_brochure/3528c-truck.pdf
VEH-000112,Tata,Intra V50,2022,505000,96980,Diesel,1500,2940,pickup,light,flatbed,2,Pune,true,excellent,regional_delivery|construction|industrial_goods,https://smalltrucks.tatamotors.com/sites/default/files/product/brochure/Intra_V50%20Brochure%20Low%20res.pdf
VEH-000113,Tata,Ultra T.16,2015,605000,204649,Diesel,11000,16140,rigid_truck,medium,container,2,Kolkata,true,good,regional_delivery|ecommerce|fmcg|industrial_goods,https://trucks.tatamotors.com/ultra/tata-ultra-t16
VEH-000114,Eicher,Pro 2118,2021,1210000,192064,Diesel,12800,18000,rigid_truck,medium,flatbed,2,Hyderabad,true,good,regional_delivery|construction|industrial_goods|market_transport,https://www.eichertrucksandbuses.com/light-medium-duty-trucks/medium-duty/pro-2118
VEH-000115,BharatBenz,1917R,2015,800000,389812,Diesel,10000,18500,rigid_truck,medium,tanker,2,Hyderabad,true,good,regional_delivery|fuel_transport|water_transport|industrial_goods,https://www.bharatbenz.com/trucks/mdt-specifications-1917r-73
VEH-000116,Ashok Leyland,Bada Dost i4,2020,340000,156600,Diesel,1825,3490,pickup,light,container,2,Bengaluru,true,fair,regional_delivery|construction|logistics,https://www.ashokleyland.com/in/lightvehicles/smallcommercialvechicles/bada-dost-i41/specification
VEH-000117,Eicher,Pro 6028TM,2017,1180000,265457,Diesel,16500,28000,rigid_truck,heavy,tipper,3,Surat,true,fair,construction|concrete|infrastructure|roadwork,https://www.eichertrucksandbuses.com/heavy-duty-trucks/tipper/pro-6028tm-224kw
VEH-000118,Eicher,Pro 6028TM,2024,3885000,57498,Diesel,16500,28000,rigid_truck,heavy,tipper,3,Jaipur,true,excellent,construction|concrete|infrastructure|roadwork,https://www.eichertrucksandbuses.com/heavy-duty-trucks/tipper/pro-6028tm-224kw
VEH-000119,BharatBenz,3528C,2020,2430000,75310,Diesel,20600,35000,rigid_truck,heavy,tipper,4,Bengaluru,true,excellent,mining|construction|infrastructure|aggregates,https://www.bharatbenz.com/uploads/truck_brochure/3528c-truck.pdf
VEH-000120,BharatBenz,1917R,2019,1180000,261583,Diesel,10000,18500,rigid_truck,medium,tanker,2,Ahmedabad,true,good,regional_delivery|fuel_transport|water_transport|industrial_goods,https://www.bharatbenz.com/trucks/mdt-specifications-1917r-73
VEH-000121,Eicher,Pro 6028TM,2016,1250000,163790,Diesel,16500,28000,rigid_truck,heavy,tipper,3,Chennai,true,good,construction|concrete|infrastructure|roadwork,https://www.eichertrucksandbuses.com/heavy-duty-trucks/tipper/pro-6028tm-224kw
VEH-000122,Tata,Ace Gold,2025,560000,22429,CNG,660,1630,mini_truck,light,box,2,Ahmedabad,true,excellent,city_delivery|last_mile|fmcg|vegetable_delivery,https://smalltrucks.tatamotors.com/assets/smalltrucks/files/2025-01/ACE%20GOLD%20CNG.pdf
VEH-000123,Ashok Leyland,Bada Dost i6,2014,255000,295940,Diesel,2357,4100,pickup,light,open,2,Bengaluru,true,good,heavy_delivery|construction|regional_delivery,https://www.ashokleyland.com/in/lightvehicles/smallcommercialvechicles/bada-dost-i6-lx/specification
VEH-000124,BharatBenz,1015R,2021,1160000,49675,Diesel,,10600,rigid_truck,intermediate,box,2,Delhi,true,good,regional_delivery|fmcg|cold_chain|market_transport,https://www.bharatbenz.com/trucks/mdt-specifications-1015r-41
VEH-000125,Eicher,Pro 6028TM,2017,1325000,243635,Diesel,16500,28000,rigid_truck,heavy,tipper,3,Mumbai,false,good,construction|concrete|infrastructure|roadwork,https://www.eichertrucksandbuses.com/heavy-duty-trucks/tipper/pro-6028tm-224kw
VEH-000126,Ashok Leyland,Partner 6 Tyre,2015,390000,333964,Diesel,4885,7490,rigid_truck,intermediate,open,2,Delhi,true,excellent,city_delivery|regional_delivery|logistics|industrial_goods,https://www.ashokleyland.com/in/lightvehicles/smallcommercialvechicles/partner/specification?productId=1645
VEH-000127,Tata,Ultra T.9,2017,440000,138840,Diesel,,9150,rigid_truck,intermediate,open,2,Kolkata,true,fair,regional_delivery|ecommerce|fmcg|industrial_goods,https://trucks.tatamotors.com/ultra/tata-ultra-t9
VEH-000128,Eicher,Pro 2059 Plus,2023,780000,37516,Diesel,,7490,rigid_truck,intermediate,open,2,Jaipur,true,fair,city_delivery|last_mile|ecommerce|fmcg,https://www.eichertrucksandbuses.com/light-medium-duty-trucks/light-duty/pro-2059
VEH-000129,Tata,Intra V30 Gold,2016,210000,141035,Diesel,1500,2775,pickup,light,open,2,Bengaluru,true,good,regional_delivery|construction|logistics,https://smalltrucks.tatamotors.com/tata-intra-v30-gold
VEH-000130,Ashok Leyland,Dost XL,2020,325000,155875,Diesel,1400,2625,mini_truck,light,flatbed,2,Hyderabad,true,good,city_delivery|regional_delivery|logistics,https://www.ashokleyland.com/in/lightvehicles/smallcommercialvechicles/dost-xl/specification
VEH-000131,BharatBenz,3528C,2021,2570000,123290,Diesel,20600,35000,rigid_truck,heavy,tipper,4,Surat,true,excellent,mining|construction|infrastructure|aggregates,https://www.bharatbenz.com/uploads/truck_brochure/3528c-truck.pdf
VEH-000132,Ashok Leyland,Bada Dost i6,2018,390000,99886,Diesel,2357,4100,pickup,light,open,2,Mumbai,true,good,heavy_delivery|construction|regional_delivery,https://www.ashokleyland.com/in/lightvehicles/smallcommercialvechicles/bada-dost-i6-lx/specification
VEH-000133,Eicher,Pro 2059 Plus,2019,510000,195974,Diesel,,7490,rigid_truck,intermediate,open,2,Mumbai,true,good,city_delivery|last_mile|ecommerce|fmcg,https://www.eichertrucksandbuses.com/light-medium-duty-trucks/light-duty/pro-2059
VEH-000134,BharatBenz,3528C,2014,995000,174227,Diesel,20600,35000,rigid_truck,heavy,tipper,4,Surat,true,fair,mining|construction|infrastructure|aggregates,https://www.bharatbenz.com/uploads/truck_brochure/3528c-truck.pdf
VEH-000135,Eicher,Pro 2118,2019,950000,138220,Diesel,12800,18000,rigid_truck,medium,flatbed,2,Nagpur,true,good,regional_delivery|construction|industrial_goods|market_transport,https://www.eichertrucksandbuses.com/light-medium-duty-trucks/medium-duty/pro-2118
VEH-000136,Tata,Signa 4932.T,2019,2410000,87705,Diesel,35300,49000,rigid_truck,heavy,flatbed,5,Mumbai,false,good,long_haul|industrial_goods|steel|market_transport,https://trucks.tatamotors.com/assets/trucks/files/2026-01/tata-signa-4932t.pdf
VEH-000137,Tata,Ultra T.9,2019,560000,162713,Diesel,,9150,rigid_truck,intermediate,open,2,Nagpur,true,fair,regional_delivery|ecommerce|fmcg|industrial_goods,https://trucks.tatamotors.com/ultra/tata-ultra-t9
VEH-000138,Tata,Intra V50,2020,430000,71027,Diesel,1500,2940,pickup,light,flatbed,2,Delhi,true,good,regional_delivery|construction|industrial_goods,https://smalltrucks.tatamotors.com/sites/default/files/product/brochure/Intra_V50%20Brochure%20Low%20res.pdf
VEH-000139,Eicher,Pro 6028TM,2024,3395000,58673,Diesel,16500,28000,rigid_truck,heavy,tipper,3,Hyderabad,true,good,construction|concrete|infrastructure|roadwork,https://www.eichertrucksandbuses.com/heavy-duty-trucks/tipper/pro-6028tm-224kw
VEH-000140,BharatBenz,1917R,2015,700000,220294,Diesel,10000,18500,rigid_truck,medium,tanker,2,Delhi,true,fair,regional_delivery|fuel_transport|water_transport|industrial_goods,https://www.bharatbenz.com/trucks/mdt-specifications-1917r-73
VEH-000141,Eicher,Pro 2118,2020,1090000,88116,Diesel,12800,18000,rigid_truck,medium,flatbed,2,Bengaluru,true,fair,regional_delivery|construction|industrial_goods|market_transport,https://www.eichertrucksandbuses.com/light-medium-duty-trucks/medium-duty/pro-2118
VEH-000142,Tata,Ultra T.16,2024,1745000,65885,Diesel,11000,16140,rigid_truck,medium,container,2,Delhi,true,good,regional_delivery|ecommerce|fmcg|industrial_goods,https://trucks.tatamotors.com/ultra/tata-ultra-t16
VEH-000143,Ashok Leyland,Bada Dost i4,2016,285000,128497,Diesel,1825,3490,pickup,light,container,2,Mumbai,true,excellent,regional_delivery|construction|logistics,https://www.ashokleyland.com/in/lightvehicles/smallcommercialvechicles/bada-dost-i41/specification
VEH-000144,Mahindra,Bolero Pik-Up,2018,320000,216669,Diesel,1700,3490,pickup,light,open,2,Mumbai,true,good,regional_delivery|agriculture|construction,https://auto.mahindra.com/on/demandware.static/-/Sites-amc-Library/en_IN/-/media/project/mahindra/dotcom/mahindra/in-news---home/pr/brochure/1st.pdf
VEH-000145,Ashok Leyland,Bada Dost i5+,2016,275000,242674,Diesel,2114,3800,pickup,light,flatbed,2,Indore,true,good,heavy_delivery|construction|industrial_goods,https://www.ashokleyland.com/in/lightvehicles/smallcommercialvechicles/bada-dost-i5-lx-2/specification
VEH-000146,Tata,Intra V30 Gold,2023,470000,87003,Diesel,1500,2775,pickup,light,open,2,Kolkata,true,good,regional_delivery|construction|logistics,https://smalltrucks.tatamotors.com/tata-intra-v30-gold
VEH-000147,Ashok Leyland,Bada Dost i6,2022,615000,100432,Diesel,2357,4100,pickup,light,open,2,Bengaluru,true,good,heavy_delivery|construction|regional_delivery,https://www.ashokleyland.com/in/lightvehicles/smallcommercialvechicles/bada-dost-i6-lx/specification
VEH-000148,Ashok Leyland,Dost XL,2024,660000,37899,Diesel,1400,2625,mini_truck,light,flatbed,2,Bengaluru,true,good,city_delivery|regional_delivery|logistics,https://www.ashokleyland.com/in/lightvehicles/smallcommercialvechicles/dost-xl/specification
VEH-000149,Mahindra,Jeeto Strong Diesel,2023,295000,125771,Diesel,815,1605,mini_truck,light,box,2,Pune,true,good,city_delivery|last_mile|vegetable_delivery,https://mahindralastmilemobility.com/jeeto-strong-diesel-cargo
VEH-000150,Mahindra,Bolero Pik-Up,2016,240000,213740,Diesel,1700,3490,pickup,light,open,2,Pune,true,good,regional_delivery|agriculture|construction,https://auto.mahindra.com/on/demandware.static/-/Sites-amc-Library/en_IN/-/media/project/mahindra/dotcom/mahindra/in-news---home/pr/brochure/1st.pdf
VEH-000151,Ashok Leyland,Bada Dost,2015,230000,131071,CNG,1246,2880,mini_truck,light,reefer,2,Pune,false,excellent,city_delivery|fmcg|regional_delivery,https://www.ashokleyland.com/in/lightvehicles/smallcommercialvechicles/bada-dost-cng/specification
VEH-000152,Tata,Ultra T.16,2022,1620000,37433,Diesel,11000,16140,rigid_truck,medium,container,2,Kolkata,true,excellent,regional_delivery|ecommerce|fmcg|industrial_goods,https://trucks.tatamotors.com/ultra/tata-ultra-t16
VEH-000153,Ashok Leyland,Bada Dost i5+,2018,310000,209230,Diesel,2114,3800,pickup,light,flatbed,2,Nagpur,true,fair,heavy_delivery|construction|industrial_goods,https://www.ashokleyland.com/in/lightvehicles/smallcommercialvechicles/bada-dost-i5-lx-2/specification
VEH-000154,BharatBenz,1917R,2020,1270000,155563,Diesel,10000,18500,rigid_truck,medium,tanker,2,Hyderabad,true,good,regional_delivery|fuel_transport|water_transport|industrial_goods,https://www.bharatbenz.com/trucks/mdt-specifications-1917r-73
VEH-000155,Eicher,Pro 2059 Plus,2017,420000,84979,Diesel,,7490,rigid_truck,intermediate,open,2,Surat,true,good,city_delivery|last_mile|ecommerce|fmcg,https://www.eichertrucksandbuses.com/light-medium-duty-trucks/light-duty/pro-2059
VEH-000156,Tata,Signa 4932.T,2016,1715000,275630,Diesel,35300,49000,rigid_truck,heavy,flatbed,5,Kolkata,false,good,long_haul|industrial_goods|steel|market_transport,https://trucks.tatamotors.com/assets/trucks/files/2026-01/tata-signa-4932t.pdf
VEH-000157,Ashok Leyland,Bada Dost i4,2015,220000,141940,Diesel,1825,3490,pickup,light,container,2,Mumbai,true,good,regional_delivery|construction|logistics,https://www.ashokleyland.com/in/lightvehicles/smallcommercialvechicles/bada-dost-i41/specification
VEH-000158,Eicher,Pro 6028TM,2014,1090000,129449,Diesel,16500,28000,rigid_truck,heavy,tipper,3,Bengaluru,true,excellent,construction|concrete|infrastructure|roadwork,https://www.eichertrucksandbuses.com/heavy-duty-trucks/tipper/pro-6028tm-224kw
VEH-000159,Ashok Leyland,Partner 6 Tyre,2020,625000,146650,Diesel,4885,7490,rigid_truck,intermediate,open,2,Chennai,true,good,city_delivery|regional_delivery|logistics|industrial_goods,https://www.ashokleyland.com/in/lightvehicles/smallcommercialvechicles/partner/specification?productId=1645
VEH-000160,Eicher,Pro 2118,2024,2060000,29981,Diesel,12800,18000,rigid_truck,medium,flatbed,2,Chennai,true,good,regional_delivery|construction|industrial_goods|market_transport,https://www.eichertrucksandbuses.com/light-medium-duty-trucks/medium-duty/pro-2118
VEH-000161,Mahindra,Blazo X 48,2020,2595000,66668,Diesel,32000,47500,rigid_truck,heavy,tipper,5,Indore,true,excellent,mining|construction|coal|aggregates,https://www.mahindratruckandbus.com/english/pdf/hcv/blazo_48_tipper.pdf
VEH-000162,Ashok Leyland,Bada Dost i4,2014,240000,117000,Diesel,1825,3490,pickup,light,container,2,Surat,true,good,regional_delivery|construction|logistics,https://www.ashokleyland.com/in/lightvehicles/smallcommercialvechicles/bada-dost-i41/specification
VEH-000163,BharatBenz,3528C,2024,3330000,63307,Diesel,20600,35000,rigid_truck,heavy,tipper,4,Pune,false,good,mining|construction|infrastructure|aggregates,https://www.bharatbenz.com/uploads/truck_brochure/3528c-truck.pdf
VEH-000164,Ashok Leyland,Dost XL,2022,480000,77114,Diesel,1400,2625,mini_truck,light,flatbed,2,Kolkata,true,excellent,city_delivery|regional_delivery|logistics,https://www.ashokleyland.com/in/lightvehicles/smallcommercialvechicles/dost-xl/specification
VEH-000165,Mahindra,Furio 10,2025,1410000,27266,Diesel,6000,10350,rigid_truck,intermediate,box,2,Bengaluru,true,fair,regional_delivery|ecommerce|fmcg|parcel_delivery,https://www.mahindratruckandbus.com/english/pdf/icv/furio-10.pdf
VEH-000166,Mahindra,Blazo X 48,2014,1280000,206925,Diesel,32000,47500,rigid_truck,heavy,tipper,5,Indore,true,good,mining|construction|coal|aggregates,https://www.mahindratruckandbus.com/english/pdf/hcv/blazo_48_tipper.pdf
VEH-000167,BharatBenz,4828RT,2022,2880000,88690,Diesel,36350,47500,rigid_truck,heavy,tipper,5,Jaipur,true,fair,mining|construction|coal|aggregates,https://www.bharatbenz.com/uploads/truck_brochure/4828rt_74.pdf
VEH-000168,BharatBenz,1917R,2018,910000,209950,Diesel,10000,18500,rigid_truck,medium,tanker,2,Bengaluru,true,fair,regional_delivery|fuel_transport|water_transport|industrial_goods,https://www.bharatbenz.com/trucks/mdt-specifications-1917r-73
VEH-000169,Ashok Leyland,Bada Dost i4,2023,660000,37699,Diesel,1825,3490,pickup,light,container,2,Nagpur,true,good,regional_delivery|construction|logistics,https://www.ashokleyland.com/in/lightvehicles/smallcommercialvechicles/bada-dost-i41/specification
VEH-000170,Tata,Ultra T.9,2021,995000,60809,Diesel,,9150,rigid_truck,intermediate,open,2,Delhi,true,good,regional_delivery|ecommerce|fmcg|industrial_goods,https://trucks.tatamotors.com/ultra/tata-ultra-t9
VEH-000171,Ashok Leyland,AVTR 4825 10x2,2018,1875000,189139,Diesel,32000,47500,rigid_truck,heavy,tipper,5,Bengaluru,true,good,construction|coal|aggregates|roadwork,https://www.ashokleyland.com/in/pressrelease/ashok-leyland-launches-avtr-4825-10x2-tipper-with-tandem-dummy-axle
VEH-000172,Tata,Intra V30 Gold,2025,660000,22414,Diesel,1500,2775,pickup,light,open,2,Kolkata,true,fair,regional_delivery|construction|logistics,https://smalltrucks.tatamotors.com/tata-intra-v30-gold
VEH-000173,Ashok Leyland,Dost XL,2014,195000,170050,Diesel,1400,2625,mini_truck,light,flatbed,2,Jaipur,true,good,city_delivery|regional_delivery|logistics,https://www.ashokleyland.com/in/lightvehicles/smallcommercialvechicles/dost-xl/specification
VEH-000174,Tata,Intra V10,2017,230000,302065,Diesel,1000,2120,mini_truck,light,flatbed,2,Delhi,true,good,city_delivery|market_transport|logistics,https://smalltruckstest.tatamotors.com/tata-intra-v10
VEH-000175,Ashok Leyland,Bada Dost i5+,2016,255000,179550,Diesel,2114,3800,pickup,light,flatbed,2,Ahmedabad,true,fair,heavy_delivery|construction|industrial_goods,https://www.ashokleyland.com/in/lightvehicles/smallcommercialvechicles/bada-dost-i5-lx-2/specification
VEH-000176,Ashok Leyland,Partner 6 Tyre,2021,745000,82830,Diesel,4885,7490,rigid_truck,intermediate,open,2,Delhi,true,good,city_delivery|regional_delivery|logistics|industrial_goods,https://www.ashokleyland.com/in/lightvehicles/smallcommercialvechicles/partner/specification?productId=1645
VEH-000177,Eicher,Pro 2059 Plus,2024,895000,51586,Diesel,,7490,rigid_truck,intermediate,open,2,Mumbai,false,fair,city_delivery|last_mile|ecommerce|fmcg,https://www.eichertrucksandbuses.com/light-medium-duty-trucks/light-duty/pro-2059
VEH-000178,Mahindra,Bolero Pik-Up,2020,365000,109967,Diesel,1700,3490,pickup,light,open,2,Delhi,true,good,regional_delivery|agriculture|construction,https://auto.mahindra.com/on/demandware.static/-/Sites-amc-Library/en_IN/-/media/project/mahindra/dotcom/mahindra/in-news---home/pr/brochure/1st.pdf
VEH-000179,Ashok Leyland,Bada Dost i4,2014,240000,360573,Diesel,1825,3490,pickup,light,container,2,Surat,true,excellent,regional_delivery|construction|logistics,https://www.ashokleyland.com/in/lightvehicles/smallcommercialvechicles/bada-dost-i41/specification
VEH-000180,BharatBenz,4828RT,2014,1070000,302877,Diesel,36350,47500,rigid_truck,heavy,tipper,5,Kolkata,true,fair,mining|construction|coal|aggregates,https://www.bharatbenz.com/uploads/truck_brochure/4828rt_74.pdf
VEH-000181,Tata,Ace Gold,2022,390000,34035,CNG,660,1630,mini_truck,light,box,2,Surat,true,good,city_delivery|last_mile|fmcg|vegetable_delivery,https://smalltrucks.tatamotors.com/assets/smalltrucks/files/2025-01/ACE%20GOLD%20CNG.pdf
VEH-000182,Ashok Leyland,Bada Dost i5+,2022,585000,64529,Diesel,2114,3800,pickup,light,flatbed,2,Pune,true,fair,heavy_delivery|construction|industrial_goods,https://www.ashokleyland.com/in/lightvehicles/smallcommercialvechicles/bada-dost-i5-lx-2/specification
VEH-000183,Mahindra,Bolero Pik-Up,2014,230000,321968,Diesel,1700,3490,pickup,light,open,2,Ahmedabad,true,good,regional_delivery|agriculture|construction,https://auto.mahindra.com/on/demandware.static/-/Sites-amc-Library/en_IN/-/media/project/mahindra/dotcom/mahindra/in-news---home/pr/brochure/1st.pdf
VEH-000184,BharatBenz,3528C,2021,2235000,135519,Diesel,20600,35000,rigid_truck,heavy,tipper,4,Indore,true,good,mining|construction|infrastructure|aggregates,https://www.bharatbenz.com/uploads/truck_brochure/3528c-truck.pdf
VEH-000185,Tata,Ace Gold,2024,530000,40506,Diesel,900,1835,mini_truck,light,open,2,Bengaluru,true,good,city_delivery|logistics|construction,https://smalltrucks.tatamotors.com/tata-ace-gold-diesel
VEH-000186,Tata,Ace Gold,2014,150000,248097,CNG,660,1630,mini_truck,light,box,2,Kolkata,true,good,city_delivery|last_mile|fmcg|vegetable_delivery,https://smalltrucks.tatamotors.com/assets/smalltrucks/files/2025-01/ACE%20GOLD%20CNG.pdf
VEH-000187,Eicher,Pro 2118,2020,1195000,171284,Diesel,12800,18000,rigid_truck,medium,flatbed,2,Delhi,true,good,regional_delivery|construction|industrial_goods|market_transport,https://www.eichertrucksandbuses.com/light-medium-duty-trucks/medium-duty/pro-2118
VEH-000188,Tata,Signa 4825.TK,2023,4050000,26568,Diesel,38000,47500,rigid_truck,heavy,tipper,5,Nagpur,true,good,mining|construction|coal|aggregates,https://www.tatamotors.com/press-releases/tata-motors-introduces-indias-largest-tipper-truck-the-signa-4825-tk/
VEH-000189,Ashok Leyland,Dost XL,2020,340000,117744,Diesel,1400,2625,mini_truck,light,flatbed,2,Pune,true,excellent,city_delivery|regional_delivery|logistics,https://www.ashokleyland.com/in/lightvehicles/smallcommercialvechicles/dost-xl/specification
VEH-000190,Tata,Ace Gold,2025,635000,27066,Diesel,900,1835,mini_truck,light,open,2,Mumbai,true,good,city_delivery|logistics|construction,https://smalltrucks.tatamotors.com/tata-ace-gold-diesel
VEH-000191,Tata,Ultra T.16,2016,550000,190404,Diesel,11000,16140,rigid_truck,medium,container,2,Mumbai,true,fair,regional_delivery|ecommerce|fmcg|industrial_goods,https://trucks.tatamotors.com/ultra/tata-ultra-t16
VEH-000192,Ashok Leyland,Bada Dost i6,2018,390000,100516,Diesel,2357,4100,pickup,light,open,2,Chennai,true,fair,heavy_delivery|construction|regional_delivery,https://www.ashokleyland.com/in/lightvehicles/smallcommercialvechicles/bada-dost-i6-lx/specification
VEH-000193,Eicher,Pro 2059 Plus,2021,635000,72774,Diesel,,7490,rigid_truck,intermediate,open,2,Kolkata,true,fair,city_delivery|last_mile|ecommerce|fmcg,https://www.eichertrucksandbuses.com/light-medium-duty-trucks/light-duty/pro-2059
VEH-000194,Tata,Intra V30 Gold,2023,585000,54134,Diesel,1500,2775,pickup,light,open,2,Pune,true,excellent,regional_delivery|construction|logistics,https://smalltrucks.tatamotors.com/tata-intra-v30-gold
VEH-000195,Mahindra,Furio 10,2024,1420000,18371,Diesel,6000,10350,rigid_truck,intermediate,box,2,Ahmedabad,true,fair,regional_delivery|ecommerce|fmcg|parcel_delivery,https://www.mahindratruckandbus.com/english/pdf/icv/furio-10.pdf
VEH-000196,Tata,Signa 4932.T,2023,4300000,59089,Diesel,35300,49000,rigid_truck,heavy,flatbed,5,Pune,false,good,long_haul|industrial_goods|steel|market_transport,https://trucks.tatamotors.com/assets/trucks/files/2026-01/tata-signa-4932t.pdf
VEH-000197,Mahindra,Blazo X 48,2023,3220000,66623,Diesel,32000,47500,rigid_truck,heavy,tipper,5,Ahmedabad,true,fair,mining|construction|coal|aggregates,https://www.mahindratruckandbus.com/english/pdf/hcv/blazo_48_tipper.pdf
VEH-000198,Ashok Leyland,Bada Dost i6,2022,615000,94658,Diesel,2357,4100,pickup,light,open,2,Mumbai,true,good,heavy_delivery|construction|regional_delivery,https://www.ashokleyland.com/in/lightvehicles/smallcommercialvechicles/bada-dost-i6-lx/specification
VEH-000199,Eicher,Pro 6048T,2023,3455000,77016,Diesel,32500,47500,rigid_truck,heavy,tipper,5,Delhi,false,good,mining|construction|coal|aggregates,https://www.eichertrucksandbuses.com/heavy-duty-trucks/tipper/pro-6048T
VEH-000200,Ashok Leyland,Bada Dost i5+,2016,305000,379672,Diesel,2114,3800,pickup,light,flatbed,2,Mumbai,false,good,heavy_delivery|construction|industrial_goods,https://www.ashokleyland.com/in/lightvehicles/smallcommercialvechicles/bada-dost-i5-lx-2/specification
VEH-000201,Ashok Leyland,Bada Dost i5+,2016,250000,179318,Diesel,2114,3800,pickup,light,flatbed,2,Hyderabad,true,fair,heavy_delivery|construction|industrial_goods,https://www.ashokleyland.com/in/lightvehicles/smallcommercialvechicles/bada-dost-i5-lx-2/specification
VEH-000202,Eicher,Pro 2118,2015,595000,195210,Diesel,12800,18000,rigid_truck,medium,flatbed,2,Pune,true,fair,regional_delivery|construction|industrial_goods|market_transport,https://www.eichertrucksandbuses.com/light-medium-duty-trucks/medium-duty/pro-2118
VEH-000203,Ashok Leyland,Dost XL,2019,290000,164098,Diesel,1400,2625,mini_truck,light,flatbed,2,Jaipur,true,good,city_delivery|regional_delivery|logistics,https://www.ashokleyland.com/in/lightvehicles/smallcommercialvechicles/dost-xl/specification
VEH-000204,Eicher,Pro 6028TM,2019,1735000,97195,Diesel,16500,28000,rigid_truck,heavy,tipper,3,Delhi,true,good,construction|concrete|infrastructure|roadwork,https://www.eichertrucksandbuses.com/heavy-duty-trucks/tipper/pro-6028tm-224kw
VEH-000205,Tata,Intra V10,2024,595000,17289,Diesel,1000,2120,mini_truck,light,flatbed,2,Delhi,false,good,city_delivery|market_transport|logistics,https://smalltruckstest.tatamotors.com/tata-intra-v10
VEH-000206,Mahindra,Jeeto Strong Diesel,2016,150000,286671,Diesel,815,1605,mini_truck,light,box,2,Ahmedabad,true,fair,city_delivery|last_mile|vegetable_delivery,https://mahindralastmilemobility.com/jeeto-strong-diesel-cargo
VEH-000207,Tata,Ace Gold,2024,405000,41883,CNG,660,1630,mini_truck,light,box,2,Pune,true,fair,city_delivery|last_mile|fmcg|vegetable_delivery,https://smalltrucks.tatamotors.com/assets/smalltrucks/files/2025-01/ACE%20GOLD%20CNG.pdf
VEH-000208,BharatBenz,1015R,2021,1035000,96470,Diesel,,10600,rigid_truck,intermediate,box,2,Delhi,true,excellent,regional_delivery|fmcg|cold_chain|market_transport,https://www.bharatbenz.com/trucks/mdt-specifications-1015r-41
VEH-000209,Tata,Ace Gold,2019,285000,70112,CNG,660,1630,mini_truck,light,box,2,Mumbai,true,excellent,city_delivery|last_mile|fmcg|vegetable_delivery,https://smalltrucks.tatamotors.com/assets/smalltrucks/files/2025-01/ACE%20GOLD%20CNG.pdf
VEH-000210,Eicher,Pro 6048T,2016,1440000,319770,Diesel,32500,47500,rigid_truck,heavy,tipper,5,Bengaluru,false,excellent,mining|construction|coal|aggregates,https://www.eichertrucksandbuses.com/heavy-duty-trucks/tipper/pro-6048T
VEH-000211,Eicher,Pro 2059 Plus,2023,860000,45797,Diesel,,7490,rigid_truck,intermediate,open,2,Mumbai,true,good,city_delivery|last_mile|ecommerce|fmcg,https://www.eichertrucksandbuses.com/light-medium-duty-trucks/light-duty/pro-2059
VEH-000212,BharatBenz,3528C,2018,1670000,108514,Diesel,20600,35000,rigid_truck,heavy,tipper,4,Hyderabad,true,good,mining|construction|infrastructure|aggregates,https://www.bharatbenz.com/uploads/truck_brochure/3528c-truck.pdf
VEH-000213,Eicher,Pro 6048T,2016,1460000,190915,Diesel,32500,47500,rigid_truck,heavy,tipper,5,Hyderabad,true,good,mining|construction|coal|aggregates,https://www.eichertrucksandbuses.com/heavy-duty-trucks/tipper/pro-6048T
VEH-000214,Mahindra,Jeeto Strong Diesel,2015,150000,158094,Diesel,815,1605,mini_truck,light,box,2,Chennai,true,good,city_delivery|last_mile|vegetable_delivery,https://mahindralastmilemobility.com/jeeto-strong-diesel-cargo
VEH-000215,Ashok Leyland,Dost XL,2021,335000,168261,Diesel,1400,2625,mini_truck,light,flatbed,2,Chennai,true,fair,city_delivery|regional_delivery|logistics,https://www.ashokleyland.com/in/lightvehicles/smallcommercialvechicles/dost-xl/specification
VEH-000216,Ashok Leyland,Bada Dost i5+,2014,260000,386323,Diesel,2114,3800,pickup,light,flatbed,2,Delhi,true,good,heavy_delivery|construction|industrial_goods,https://www.ashokleyland.com/in/lightvehicles/smallcommercialvechicles/bada-dost-i5-lx-2/specification
VEH-000217,Tata,Ultra T.16,2025,2335000,20359,Diesel,11000,16140,rigid_truck,medium,container,2,Bengaluru,true,excellent,regional_delivery|ecommerce|fmcg|industrial_goods,https://trucks.tatamotors.com/ultra/tata-ultra-t16
VEH-000218,Tata,Signa 4825.TK,2014,1460000,151691,Diesel,38000,47500,rigid_truck,heavy,tipper,5,Ahmedabad,true,good,mining|construction|coal|aggregates,https://www.tatamotors.com/press-releases/tata-motors-introduces-indias-largest-tipper-truck-the-signa-4825-tk/
VEH-000219,BharatBenz,4828RT,2017,1785000,176954,Diesel,36350,47500,rigid_truck,heavy,tipper,5,Chennai,true,good,mining|construction|coal|aggregates,https://www.bharatbenz.com/uploads/truck_brochure/4828rt_74.pdf
VEH-000220,Ashok Leyland,Dost XL,2022,530000,57202,Diesel,1400,2625,mini_truck,light,flatbed,2,Indore,true,good,city_delivery|regional_delivery|logistics,https://www.ashokleyland.com/in/lightvehicles/smallcommercialvechicles/dost-xl/specification
VEH-000221,BharatBenz,1917R,2014,770000,261904,Diesel,10000,18500,rigid_truck,medium,tanker,2,Kolkata,true,good,regional_delivery|fuel_transport|water_transport|industrial_goods,https://www.bharatbenz.com/trucks/mdt-specifications-1917r-73
VEH-000222,Ashok Leyland,Bada Dost i5+,2017,310000,220372,Diesel,2114,3800,pickup,light,flatbed,2,Kolkata,true,good,heavy_delivery|construction|industrial_goods,https://www.ashokleyland.com/in/lightvehicles/smallcommercialvechicles/bada-dost-i5-lx-2/specification
VEH-000223,Ashok Leyland,Bada Dost i6,2024,915000,46902,Diesel,2357,4100,pickup,light,open,2,Delhi,false,good,heavy_delivery|construction|regional_delivery,https://www.ashokleyland.com/in/lightvehicles/smallcommercialvechicles/bada-dost-i6-lx/specification
VEH-000224,Ashok Leyland,Bada Dost,2014,205000,166019,CNG,1246,2880,mini_truck,light,reefer,2,Delhi,true,good,city_delivery|fmcg|regional_delivery,https://www.ashokleyland.com/in/lightvehicles/smallcommercialvechicles/bada-dost-cng/specification
VEH-000225,Ashok Leyland,Partner 6 Tyre,2025,1235000,10793,Diesel,4885,7490,rigid_truck,intermediate,open,2,Kolkata,true,good,city_delivery|regional_delivery|logistics|industrial_goods,https://www.ashokleyland.com/in/lightvehicles/smallcommercialvechicles/partner/specification?productId=1645
VEH-000226,Ashok Leyland,Partner 6 Tyre,2019,470000,250505,Diesel,4885,7490,rigid_truck,intermediate,open,2,Delhi,false,fair,city_delivery|regional_delivery|logistics|industrial_goods,https://www.ashokleyland.com/in/lightvehicles/smallcommercialvechicles/partner/specification?productId=1645
VEH-000227,Ashok Leyland,Bada Dost i5+,2025,945000,26376,Diesel,2114,3800,pickup,light,flatbed,2,Chennai,false,good,heavy_delivery|construction|industrial_goods,https://www.ashokleyland.com/in/lightvehicles/smallcommercialvechicles/bada-dost-i5-lx-2/specification
VEH-000228,Mahindra,Blazo X 48,2019,2230000,117217,Diesel,32000,47500,rigid_truck,heavy,tipper,5,Kolkata,true,excellent,mining|construction|coal|aggregates,https://www.mahindratruckandbus.com/english/pdf/hcv/blazo_48_tipper.pdf
VEH-000229,Eicher,Pro 2118,2025,2655000,7466,Diesel,12800,18000,rigid_truck,medium,flatbed,2,Pune,true,good,regional_delivery|construction|industrial_goods|market_transport,https://www.eichertrucksandbuses.com/light-medium-duty-trucks/medium-duty/pro-2118
VEH-000230,BharatBenz,1917R,2018,1005000,116584,Diesel,10000,18500,rigid_truck,medium,tanker,2,Mumbai,true,good,regional_delivery|fuel_transport|water_transport|industrial_goods,https://www.bharatbenz.com/trucks/mdt-specifications-1917r-73
VEH-000231,Eicher,Pro 2059 Plus,2014,305000,128100,Diesel,,7490,rigid_truck,intermediate,open,2,Chennai,true,good,city_delivery|last_mile|ecommerce|fmcg,https://www.eichertrucksandbuses.com/light-medium-duty-trucks/light-duty/pro-2059
VEH-000232,BharatBenz,1917R,2019,1240000,155275,Diesel,10000,18500,rigid_truck,medium,tanker,2,Delhi,true,excellent,regional_delivery|fuel_transport|water_transport|industrial_goods,https://www.bharatbenz.com/trucks/mdt-specifications-1917r-73
VEH-000233,Tata,Intra V30 Gold,2025,715000,15581,Diesel,1500,2775,pickup,light,open,2,Pune,true,good,regional_delivery|construction|logistics,https://smalltrucks.tatamotors.com/tata-intra-v30-gold
VEH-000234,Eicher,Pro 2059 Plus,2015,325000,238563,Diesel,,7490,rigid_truck,intermediate,open,2,Pune,true,excellent,city_delivery|last_mile|ecommerce|fmcg,https://www.eichertrucksandbuses.com/light-medium-duty-trucks/light-duty/pro-2059
VEH-000235,Eicher,Pro 2059 Plus,2014,270000,152023,Diesel,,7490,rigid_truck,intermediate,open,2,Delhi,false,fair,city_delivery|last_mile|ecommerce|fmcg,https://www.eichertrucksandbuses.com/light-medium-duty-trucks/light-duty/pro-2059
VEH-000236,BharatBenz,1015R,2014,530000,313060,Diesel,,10600,rigid_truck,intermediate,box,2,Kolkata,true,good,regional_delivery|fmcg|cold_chain|market_transport,https://www.bharatbenz.com/trucks/mdt-specifications-1015r-41
VEH-000237,Ashok Leyland,AVTR 4825 10x2,2015,1225000,377289,Diesel,32000,47500,rigid_truck,heavy,tipper,5,Ahmedabad,true,fair,construction|coal|aggregates|roadwork,https://www.ashokleyland.com/in/pressrelease/ashok-leyland-launches-avtr-4825-10x2-tipper-with-tandem-dummy-axle
VEH-000238,Tata,Signa 4932.T,2025,5515000,31171,Diesel,35300,49000,rigid_truck,heavy,flatbed,5,Delhi,false,good,long_haul|industrial_goods|steel|market_transport,https://trucks.tatamotors.com/assets/trucks/files/2026-01/tata-signa-4932t.pdf
VEH-000239,Ashok Leyland,Bada Dost i5+,2022,570000,131200,Diesel,2114,3800,pickup,light,flatbed,2,Surat,true,excellent,heavy_delivery|construction|industrial_goods,https://www.ashokleyland.com/in/lightvehicles/smallcommercialvechicles/bada-dost-i5-lx-2/specification
VEH-000240,BharatBenz,1015R,2016,590000,101817,Diesel,,10600,rigid_truck,intermediate,box,2,Mumbai,true,good,regional_delivery|fmcg|cold_chain|market_transport,https://www.bharatbenz.com/trucks/mdt-specifications-1015r-41
VEH-000241,Tata,Intra V30 Gold,2016,230000,80300,Diesel,1500,2775,pickup,light,open,2,Indore,false,good,regional_delivery|construction|logistics,https://smalltrucks.tatamotors.com/tata-intra-v30-gold
VEH-000242,Ashok Leyland,Dost XL,2025,680000,16613,Diesel,1400,2625,mini_truck,light,flatbed,2,Indore,true,fair,city_delivery|regional_delivery|logistics,https://www.ashokleyland.com/in/lightvehicles/smallcommercialvechicles/dost-xl/specification
VEH-000243,Mahindra,Bolero Pik-Up,2018,315000,152820,Diesel,1700,3490,pickup,light,open,2,Ahmedabad,true,good,regional_delivery|agriculture|construction,https://auto.mahindra.com/on/demandware.static/-/Sites-amc-Library/en_IN/-/media/project/mahindra/dotcom/mahindra/in-news---home/pr/brochure/1st.pdf
VEH-000244,Tata,Intra V10,2017,210000,190620,Diesel,1000,2120,mini_truck,light,flatbed,2,Mumbai,true,good,city_delivery|market_transport|logistics,https://smalltruckstest.tatamotors.com/tata-intra-v10
VEH-000245,Ashok Leyland,Bada Dost i5+,2014,235000,298316,Diesel,2114,3800,pickup,light,flatbed,2,Bengaluru,true,good,heavy_delivery|construction|industrial_goods,https://www.ashokleyland.com/in/lightvehicles/smallcommercialvechicles/bada-dost-i5-lx-2/specification
VEH-000246,Ashok Leyland,Bada Dost i6,2024,970000,20912,Diesel,2357,4100,pickup,light,open,2,Jaipur,true,good,heavy_delivery|construction|regional_delivery,https://www.ashokleyland.com/in/lightvehicles/smallcommercialvechicles/bada-dost-i6-lx/specification
VEH-000247,Tata,Ace Gold,2016,215000,88563,Diesel,900,1835,mini_truck,light,open,2,Delhi,true,good,city_delivery|logistics|construction,https://smalltrucks.tatamotors.com/tata-ace-gold-diesel
VEH-000248,Ashok Leyland,Bada Dost,2022,465000,154677,CNG,1246,2880,mini_truck,light,reefer,2,Pune,true,excellent,city_delivery|fmcg|regional_delivery,https://www.ashokleyland.com/in/lightvehicles/smallcommercialvechicles/bada-dost-cng/specification
VEH-000249,Eicher,Pro 2118,2016,615000,313519,Diesel,12800,18000,rigid_truck,medium,flatbed,2,Jaipur,false,fair,regional_delivery|construction|industrial_goods|market_transport,https://www.eichertrucksandbuses.com/light-medium-duty-trucks/medium-duty/pro-2118
VEH-000250,BharatBenz,1015R,2021,1050000,66403,Diesel,,10600,rigid_truck,intermediate,box,2,Nagpur,true,fair,regional_delivery|fmcg|cold_chain|market_transport,https://www.bharatbenz.com/trucks/mdt-specifications-1015r-41
VEH-000251,Ashok Leyland,Dost XL,2025,760000,23542,Diesel,1400,2625,mini_truck,light,flatbed,2,Pune,true,good,city_delivery|regional_delivery|logistics,https://www.ashokleyland.com/in/lightvehicles/smallcommercialvechicles/dost-xl/specification
VEH-000252,Mahindra,Bolero Pik-Up,2023,530000,100021,Diesel,1700,3490,pickup,light,open,2,Surat,true,good,regional_delivery|agriculture|construction,https://auto.mahindra.com/on/demandware.static/-/Sites-amc-Library/en_IN/-/media/project/mahindra/dotcom/mahindra/in-news---home/pr/brochure/1st.pdf
VEH-000253,Tata,Ultra T.9,2017,490000,239002,Diesel,,9150,rigid_truck,intermediate,open,2,Delhi,true,good,regional_delivery|ecommerce|fmcg|industrial_goods,https://trucks.tatamotors.com/ultra/tata-ultra-t9
VEH-000254,Eicher,Pro 2118,2020,1050000,67353,Diesel,12800,18000,rigid_truck,medium,flatbed,2,Bengaluru,true,fair,regional_delivery|construction|industrial_goods|market_transport,https://www.eichertrucksandbuses.com/light-medium-duty-trucks/medium-duty/pro-2118
VEH-000255,Tata,Ace Gold,2022,350000,155450,Diesel,900,1835,mini_truck,light,open,2,Ahmedabad,false,good,city_delivery|logistics|construction,https://smalltrucks.tatamotors.com/tata-ace-gold-diesel
VEH-000256,Tata,Ace Gold,2022,415000,70051,CNG,660,1630,mini_truck,light,box,2,Ahmedabad,true,excellent,city_delivery|last_mile|fmcg|vegetable_delivery,https://smalltrucks.tatamotors.com/assets/smalltrucks/files/2025-01/ACE%20GOLD%20CNG.pdf
VEH-000257,Tata,Ultra T.16,2019,795000,113781,Diesel,11000,16140,rigid_truck,medium,container,2,Ahmedabad,true,fair,regional_delivery|ecommerce|fmcg|industrial_goods,https://trucks.tatamotors.com/ultra/tata-ultra-t16
VEH-000258,Ashok Leyland,Bada Dost,2018,255000,148798,CNG,1246,2880,mini_truck,light,reefer,2,Surat,false,fair,city_delivery|fmcg|regional_delivery,https://www.ashokleyland.com/in/lightvehicles/smallcommercialvechicles/bada-dost-cng/specification
VEH-000259,Mahindra,Bolero Pik-Up,2025,740000,31243,Diesel,1700,3490,pickup,light,open,2,Ahmedabad,true,good,regional_delivery|agriculture|construction,https://auto.mahindra.com/on/demandware.static/-/Sites-amc-Library/en_IN/-/media/project/mahindra/dotcom/mahindra/in-news---home/pr/brochure/1st.pdf
VEH-000260,Eicher,Pro 2118,2023,1980000,39601,Diesel,12800,18000,rigid_truck,medium,flatbed,2,Ahmedabad,true,good,regional_delivery|construction|industrial_goods|market_transport,https://www.eichertrucksandbuses.com/light-medium-duty-trucks/medium-duty/pro-2118
VEH-000261,Eicher,Pro 2118,2018,855000,271643,Diesel,12800,18000,rigid_truck,medium,flatbed,2,Kolkata,true,good,regional_delivery|construction|industrial_goods|market_transport,https://www.eichertrucksandbuses.com/light-medium-duty-trucks/medium-duty/pro-2118
VEH-000262,Eicher,Pro 2118,2023,1455000,96241,Diesel,12800,18000,rigid_truck,medium,flatbed,2,Surat,true,fair,regional_delivery|construction|industrial_goods|market_transport,https://www.eichertrucksandbuses.com/light-medium-duty-trucks/medium-duty/pro-2118
VEH-000263,Tata,Signa 4825.TK,2025,4850000,17613,Diesel,38000,47500,rigid_truck,heavy,tipper,5,Delhi,true,good,mining|construction|coal|aggregates,https://www.tatamotors.com/press-releases/tata-motors-introduces-indias-largest-tipper-truck-the-signa-4825-tk/
VEH-000264,Tata,Ultra T.9,2016,470000,313063,Diesel,,9150,rigid_truck,intermediate,open,2,Ahmedabad,true,good,regional_delivery|ecommerce|fmcg|industrial_goods,https://trucks.tatamotors.com/ultra/tata-ultra-t9
VEH-000265,Tata,Ultra T.9,2025,1475000,28162,Diesel,,9150,rigid_truck,intermediate,open,2,Ahmedabad,true,good,regional_delivery|ecommerce|fmcg|industrial_goods,https://trucks.tatamotors.com/ultra/tata-ultra-t9
VEH-000266,Tata,Intra V10,2024,590000,22584,Diesel,1000,2120,mini_truck,light,flatbed,2,Delhi,true,good,city_delivery|market_transport|logistics,https://smalltruckstest.tatamotors.com/tata-intra-v10
VEH-000267,Tata,Signa 4932.T,2020,2675000,125203,Diesel,35300,49000,rigid_truck,heavy,flatbed,5,Pune,false,good,long_haul|industrial_goods|steel|market_transport,https://trucks.tatamotors.com/assets/trucks/files/2026-01/tata-signa-4932t.pdf
VEH-000268,Ashok Leyland,Bada Dost i5+,2025,965000,10539,Diesel,2114,3800,pickup,light,flatbed,2,Hyderabad,true,good,heavy_delivery|construction|industrial_goods,https://www.ashokleyland.com/in/lightvehicles/smallcommercialvechicles/bada-dost-i5-lx-2/specification
VEH-000269,Mahindra,Bolero Pik-Up,2015,210000,339446,Diesel,1700,3490,pickup,light,open,2,Jaipur,false,fair,regional_delivery|agriculture|construction,https://auto.mahindra.com/on/demandware.static/-/Sites-amc-Library/en_IN/-/media/project/mahindra/dotcom/mahindra/in-news---home/pr/brochure/1st.pdf
VEH-000270,Ashok Leyland,Bada Dost i6,2016,285000,208820,Diesel,2357,4100,pickup,light,open,2,Pune,true,fair,heavy_delivery|construction|regional_delivery,https://www.ashokleyland.com/in/lightvehicles/smallcommercialvechicles/bada-dost-i6-lx/specification
VEH-000271,Tata,Ultra T.16,2020,1210000,62863,Diesel,11000,16140,rigid_truck,medium,container,2,Chennai,true,good,regional_delivery|ecommerce|fmcg|industrial_goods,https://trucks.tatamotors.com/ultra/tata-ultra-t16
VEH-000272,Tata,Intra V10,2016,175000,164085,Diesel,1000,2120,mini_truck,light,flatbed,2,Ahmedabad,true,fair,city_delivery|market_transport|logistics,https://smalltruckstest.tatamotors.com/tata-intra-v10
VEH-000273,BharatBenz,1917R,2014,590000,126878,Diesel,10000,18500,rigid_truck,medium,tanker,2,Bengaluru,false,fair,regional_delivery|fuel_transport|water_transport|industrial_goods,https://www.bharatbenz.com/trucks/mdt-specifications-1917r-73
VEH-000274,Ashok Leyland,Bada Dost i4,2016,265000,259224,Diesel,1825,3490,pickup,light,container,2,Kolkata,true,good,regional_delivery|construction|logistics,https://www.ashokleyland.com/in/lightvehicles/smallcommercialvechicles/bada-dost-i41/specification
VEH-000275,Ashok Leyland,Bada Dost,2019,315000,130686,CNG,1246,2880,mini_truck,light,reefer,2,Kolkata,true,good,city_delivery|fmcg|regional_delivery,https://www.ashokleyland.com/in/lightvehicles/smallcommercialvechicles/bada-dost-cng/specification
VEH-000276,Tata,Ace Gold,2024,545000,27757,Diesel,900,1835,mini_truck,light,open,2,Kolkata,true,good,city_delivery|logistics|construction,https://smalltrucks.tatamotors.com/tata-ace-gold-diesel
VEH-000277,Tata,Ace Gold,2021,285000,104959,CNG,660,1630,mini_truck,light,box,2,Delhi,true,good,city_delivery|last_mile|fmcg|vegetable_delivery,https://smalltrucks.tatamotors.com/assets/smalltrucks/files/2025-01/ACE%20GOLD%20CNG.pdf
VEH-000278,BharatBenz,1015R,2024,1760000,14084,Diesel,,10600,rigid_truck,intermediate,box,2,Kolkata,false,good,regional_delivery|fmcg|cold_chain|market_transport,https://www.bharatbenz.com/trucks/mdt-specifications-1015r-41
VEH-000279,Mahindra,Bolero Pik-Up,2019,320000,185977,Diesel,1700,3490,pickup,light,open,2,Indore,true,fair,regional_delivery|agriculture|construction,https://auto.mahindra.com/on/demandware.static/-/Sites-amc-Library/en_IN/-/media/project/mahindra/dotcom/mahindra/in-news---home/pr/brochure/1st.pdf
VEH-000280,Mahindra,Bolero Pik-Up,2023,610000,33297,Diesel,1700,3490,pickup,light,open,2,Delhi,true,good,regional_delivery|agriculture|construction,https://auto.mahindra.com/on/demandware.static/-/Sites-amc-Library/en_IN/-/media/project/mahindra/dotcom/mahindra/in-news---home/pr/brochure/1st.pdf
VEH-000281,Tata,Ace Gold,2020,285000,119133,Diesel,900,1835,mini_truck,light,open,2,Hyderabad,true,good,city_delivery|logistics|construction,https://smalltrucks.tatamotors.com/tata-ace-gold-diesel
VEH-000282,Tata,Ace Gold,2019,245000,154782,CNG,660,1630,mini_truck,light,box,2,Bengaluru,true,good,city_delivery|last_mile|fmcg|vegetable_delivery,https://smalltrucks.tatamotors.com/assets/smalltrucks/files/2025-01/ACE%20GOLD%20CNG.pdf
VEH-000283,Mahindra,Blazo X 48,2021,2605000,97310,Diesel,32000,47500,rigid_truck,heavy,tipper,5,Delhi,true,good,mining|construction|coal|aggregates,https://www.mahindratruckandbus.com/english/pdf/hcv/blazo_48_tipper.pdf
VEH-000284,Ashok Leyland,Bada Dost i6,2014,260000,343305,Diesel,2357,4100,pickup,light,open,2,Bengaluru,true,good,heavy_delivery|construction|regional_delivery,https://www.ashokleyland.com/in/lightvehicles/smallcommercialvechicles/bada-dost-i6-lx/specification
VEH-000285,Tata,Ace Gold,2016,190000,152178,Diesel,900,1835,mini_truck,light,open,2,Ahmedabad,false,good,city_delivery|logistics|construction,https://smalltrucks.tatamotors.com/tata-ace-gold-diesel
VEH-000286,Ashok Leyland,Partner 6 Tyre,2018,510000,244609,Diesel,4885,7490,rigid_truck,intermediate,open,2,Kolkata,true,good,city_delivery|regional_delivery|logistics|industrial_goods,https://www.ashokleyland.com/in/lightvehicles/smallcommercialvechicles/partner/specification?productId=1645
VEH-000287,Eicher,Pro 2059 Plus,2022,825000,70281,Diesel,,7490,rigid_truck,intermediate,open,2,Mumbai,false,good,city_delivery|last_mile|ecommerce|fmcg,https://www.eichertrucksandbuses.com/light-medium-duty-trucks/light-duty/pro-2059
VEH-000288,BharatBenz,1015R,2017,555000,268280,Diesel,,10600,rigid_truck,intermediate,box,2,Mumbai,false,fair,regional_delivery|fmcg|cold_chain|market_transport,https://www.bharatbenz.com/trucks/mdt-specifications-1015r-41
VEH-000289,BharatBenz,1917R,2016,845000,349013,Diesel,10000,18500,rigid_truck,medium,tanker,2,Chennai,true,excellent,regional_delivery|fuel_transport|water_transport|industrial_goods,https://www.bharatbenz.com/trucks/mdt-specifications-1917r-73
VEH-000290,BharatBenz,1917R,2015,645000,356562,Diesel,10000,18500,rigid_truck,medium,tanker,2,Kolkata,true,fair,regional_delivery|fuel_transport|water_transport|industrial_goods,https://www.bharatbenz.com/trucks/mdt-specifications-1917r-73
VEH-000291,Tata,Intra V30 Gold,2017,250000,294994,Diesel,1500,2775,pickup,light,open,2,Bengaluru,true,good,regional_delivery|construction|logistics,https://smalltrucks.tatamotors.com/tata-intra-v30-gold
VEH-000292,BharatBenz,3528C,2023,3075000,72319,Diesel,20600,35000,rigid_truck,heavy,tipper,4,Nagpur,true,good,mining|construction|infrastructure|aggregates,https://www.bharatbenz.com/uploads/truck_brochure/3528c-truck.pdf
VEH-000293,Mahindra,Blazo X 48,2020,2060000,100742,Diesel,32000,47500,rigid_truck,heavy,tipper,5,Pune,true,fair,mining|construction|coal|aggregates,https://www.mahindratruckandbus.com/english/pdf/hcv/blazo_48_tipper.pdf
VEH-000294,Eicher,Pro 2118,2020,1095000,55093,Diesel,12800,18000,rigid_truck,medium,flatbed,2,Surat,true,fair,regional_delivery|construction|industrial_goods|market_transport,https://www.eichertrucksandbuses.com/light-medium-duty-trucks/medium-duty/pro-2118
VEH-000295,Tata,Ultra T.16,2014,545000,193438,Diesel,11000,16140,rigid_truck,medium,container,2,Bengaluru,true,good,regional_delivery|ecommerce|fmcg|industrial_goods,https://trucks.tatamotors.com/ultra/tata-ultra-t16
VEH-000296,Mahindra,Blazo X 48,2023,3380000,93800,Diesel,32000,47500,rigid_truck,heavy,tipper,5,Jaipur,true,good,mining|construction|coal|aggregates,https://www.mahindratruckandbus.com/english/pdf/hcv/blazo_48_tipper.pdf
VEH-000297,Tata,Ace Gold,2014,150000,153909,CNG,660,1630,mini_truck,light,box,2,Mumbai,true,fair,city_delivery|last_mile|fmcg|vegetable_delivery,https://smalltrucks.tatamotors.com/assets/smalltrucks/files/2025-01/ACE%20GOLD%20CNG.pdf
VEH-000298,Mahindra,Blazo X 48,2020,2555000,95109,Diesel,32000,47500,rigid_truck,heavy,tipper,5,Ahmedabad,false,excellent,mining|construction|coal|aggregates,https://www.mahindratruckandbus.com/english/pdf/hcv/blazo_48_tipper.pdf
VEH-000299,Mahindra,Bolero Pik-Up,2016,260000,217695,Diesel,1700,3490,pickup,light,open,2,Hyderabad,true,good,regional_delivery|agriculture|construction,https://auto.mahindra.com/on/demandware.static/-/Sites-amc-Library/en_IN/-/media/project/mahindra/dotcom/mahindra/in-news---home/pr/brochure/1st.pdf
VEH-000300,Eicher,Pro 2118,2016,720000,216619,Diesel,12800,18000,rigid_truck,medium,flatbed,2,Pune,true,excellent,regional_delivery|construction|industrial_goods|market_transport,https://www.eichertrucksandbuses.com/light-medium-duty-trucks/medium-duty/pro-2118
VEH-000301,BharatBenz,1917R,2019,1135000,159252,Diesel,10000,18500,rigid_truck,medium,tanker,2,Ahmedabad,true,good,regional_delivery|fuel_transport|water_transport|industrial_goods,https://www.bharatbenz.com/trucks/mdt-specifications-1917r-73
VEH-000302,Mahindra,Blazo X 48,2017,1645000,120575,Diesel,32000,47500,rigid_truck,heavy,tipper,5,Bengaluru,true,excellent,mining|construction|coal|aggregates,https://www.mahindratruckandbus.com/english/pdf/hcv/blazo_48_tipper.pdf
VEH-000303,Tata,Ace Gold,2018,235000,84573,CNG,660,1630,mini_truck,light,box,2,Chennai,true,good,city_delivery|last_mile|fmcg|vegetable_delivery,https://smalltrucks.tatamotors.com/assets/smalltrucks/files/2025-01/ACE%20GOLD%20CNG.pdf
VEH-000304,BharatBenz,1015R,2018,860000,85337,Diesel,,10600,rigid_truck,intermediate,box,2,Pune,true,excellent,regional_delivery|fmcg|cold_chain|market_transport,https://www.bharatbenz.com/trucks/mdt-specifications-1015r-41
VEH-000305,Ashok Leyland,Partner 6 Tyre,2018,430000,238020,Diesel,4885,7490,rigid_truck,intermediate,open,2,Mumbai,true,fair,city_delivery|regional_delivery|logistics|industrial_goods,https://www.ashokleyland.com/in/lightvehicles/smallcommercialvechicles/partner/specification?productId=1645
VEH-000306,Eicher,Pro 6028TM,2017,1215000,354986,Diesel,16500,28000,rigid_truck,heavy,tipper,3,Delhi,true,fair,construction|concrete|infrastructure|roadwork,https://www.eichertrucksandbuses.com/heavy-duty-trucks/tipper/pro-6028tm-224kw
VEH-000307,BharatBenz,1917R,2022,1765000,84329,Diesel,10000,18500,rigid_truck,medium,tanker,2,Jaipur,true,excellent,regional_delivery|fuel_transport|water_transport|industrial_goods,https://www.bharatbenz.com/trucks/mdt-specifications-1917r-73
VEH-000308,Tata,Signa 4932.T,2022,3590000,68752,Diesel,35300,49000,rigid_truck,heavy,flatbed,5,Chennai,true,good,long_haul|industrial_goods|steel|market_transport,https://trucks.tatamotors.com/assets/trucks/files/2026-01/tata-signa-4932t.pdf
VEH-000309,Tata,Intra V10,2022,385000,118315,Diesel,1000,2120,mini_truck,light,flatbed,2,Pune,true,excellent,city_delivery|market_transport|logistics,https://smalltruckstest.tatamotors.com/tata-intra-v10
VEH-000310,Ashok Leyland,Bada Dost i6,2021,510000,90578,Diesel,2357,4100,pickup,light,open,2,Jaipur,true,fair,heavy_delivery|construction|regional_delivery,https://www.ashokleyland.com/in/lightvehicles/smallcommercialvechicles/bada-dost-i6-lx/specification
VEH-000311,Mahindra,Bolero Pik-Up,2025,910000,20222,Diesel,1700,3490,pickup,light,open,2,Delhi,true,excellent,regional_delivery|agriculture|construction,https://auto.mahindra.com/on/demandware.static/-/Sites-amc-Library/en_IN/-/media/project/mahindra/dotcom/mahindra/in-news---home/pr/brochure/1st.pdf
VEH-000312,Eicher,Pro 6048XP,2018,1775000,105184,Diesel,34000,47500,rigid_truck,heavy,flatbed,5,Bengaluru,true,good,long_haul|industrial_goods|steel|market_transport,https://www.eichertrucksandbuses.com/heavy-duty-trucks/haulage/pro-6048xp
VEH-000313,Tata,Signa 4932.T,2019,2470000,196030,Diesel,35300,49000,rigid_truck,heavy,flatbed,5,Bengaluru,true,good,long_haul|industrial_goods|steel|market_transport,https://trucks.tatamotors.com/assets/trucks/files/2026-01/tata-signa-4932t.pdf
VEH-000314,Tata,Ultra T.9,2014,430000,294889,Diesel,,9150,rigid_truck,intermediate,open,2,Kolkata,true,good,regional_delivery|ecommerce|fmcg|industrial_goods,https://trucks.tatamotors.com/ultra/tata-ultra-t9
VEH-000315,Ashok Leyland,AVTR 4825 10x2,2018,1930000,122489,Diesel,32000,47500,rigid_truck,heavy,tipper,5,Mumbai,false,good,construction|coal|aggregates|roadwork,https://www.ashokleyland.com/in/pressrelease/ashok-leyland-launches-avtr-4825-10x2-tipper-with-tandem-dummy-axle
VEH-000316,Tata,Signa 4825.TK,2025,4280000,11972,Diesel,38000,47500,rigid_truck,heavy,tipper,5,Nagpur,true,fair,mining|construction|coal|aggregates,https://www.tatamotors.com/press-releases/tata-motors-introduces-indias-largest-tipper-truck-the-signa-4825-tk/
VEH-000317,BharatBenz,1015R,2022,920000,147277,Diesel,,10600,rigid_truck,intermediate,box,2,Jaipur,false,fair,regional_delivery|fmcg|cold_chain|market_transport,https://www.bharatbenz.com/trucks/mdt-specifications-1015r-41
VEH-000318,Mahindra,Jeeto Strong Diesel,2021,230000,50071,Diesel,815,1605,mini_truck,light,box,2,Bengaluru,true,fair,city_delivery|last_mile|vegetable_delivery,https://mahindralastmilemobility.com/jeeto-strong-diesel-cargo
VEH-000319,Tata,Ultra T.16,2019,900000,164168,Diesel,11000,16140,rigid_truck,medium,container,2,Mumbai,true,excellent,regional_delivery|ecommerce|fmcg|industrial_goods,https://trucks.tatamotors.com/ultra/tata-ultra-t16
VEH-000320,BharatBenz,1015R,2025,1845000,9072,Diesel,,10600,rigid_truck,intermediate,box,2,Bengaluru,true,fair,regional_delivery|fmcg|cold_chain|market_transport,https://www.bharatbenz.com/trucks/mdt-specifications-1015r-41
VEH-000321,Mahindra,Bolero Pik-Up,2024,675000,73663,Diesel,1700,3490,pickup,light,open,2,Pune,true,excellent,regional_delivery|agriculture|construction,https://auto.mahindra.com/on/demandware.static/-/Sites-amc-Library/en_IN/-/media/project/mahindra/dotcom/mahindra/in-news---home/pr/brochure/1st.pdf
VEH-000322,Mahindra,Blazo X 48,2015,1195000,272769,Diesel,32000,47500,rigid_truck,heavy,tipper,5,Chennai,true,good,mining|construction|coal|aggregates,https://www.mahindratruckandbus.com/english/pdf/hcv/blazo_48_tipper.pdf
VEH-000323,BharatBenz,1917R,2014,715000,188170,Diesel,10000,18500,rigid_truck,medium,tanker,2,Delhi,false,good,regional_delivery|fuel_transport|water_transport|industrial_goods,https://www.bharatbenz.com/trucks/mdt-specifications-1917r-73
VEH-000324,Tata,Ace Gold,2016,155000,300691,Diesel,900,1835,mini_truck,light,open,2,Mumbai,true,fair,city_delivery|logistics|construction,https://smalltrucks.tatamotors.com/tata-ace-gold-diesel
VEH-000325,Ashok Leyland,Bada Dost,2016,250000,307200,CNG,1246,2880,mini_truck,light,reefer,2,Mumbai,false,good,city_delivery|fmcg|regional_delivery,https://www.ashokleyland.com/in/lightvehicles/smallcommercialvechicles/bada-dost-cng/specification
VEH-000326,Ashok Leyland,AVTR 4825 10x2,2017,1660000,252178,Diesel,32000,47500,rigid_truck,heavy,tipper,5,Mumbai,false,good,construction|coal|aggregates|roadwork,https://www.ashokleyland.com/in/pressrelease/ashok-leyland-launches-avtr-4825-10x2-tipper-with-tandem-dummy-axle
VEH-000327,BharatBenz,4828RT,2019,2215000,71260,Diesel,36350,47500,rigid_truck,heavy,tipper,5,Jaipur,true,good,mining|construction|coal|aggregates,https://www.bharatbenz.com/uploads/truck_brochure/4828rt_74.pdf
VEH-000328,Mahindra,Jeeto Strong Diesel,2023,320000,73214,Diesel,815,1605,mini_truck,light,box,2,Chennai,true,good,city_delivery|last_mile|vegetable_delivery,https://mahindralastmilemobility.com/jeeto-strong-diesel-cargo
VEH-000329,Tata,Signa 4932.T,2025,5190000,21354,Diesel,35300,49000,rigid_truck,heavy,flatbed,5,Mumbai,true,good,long_haul|industrial_goods|steel|market_transport,https://trucks.tatamotors.com/assets/trucks/files/2026-01/tata-signa-4932t.pdf
VEH-000330,Mahindra,Furio 10,2019,760000,168606,Diesel,6000,10350,rigid_truck,intermediate,box,2,Hyderabad,true,excellent,regional_delivery|ecommerce|fmcg|parcel_delivery,https://www.mahindratruckandbus.com/english/pdf/icv/furio-10.pdf
VEH-000331,Ashok Leyland,Bada Dost,2022,460000,114148,CNG,1246,2880,mini_truck,light,reefer,2,Kolkata,true,good,city_delivery|fmcg|regional_delivery,https://www.ashokleyland.com/in/lightvehicles/smallcommercialvechicles/bada-dost-cng/specification
VEH-000332,Eicher,Pro 2118,2014,515000,298836,Diesel,12800,18000,rigid_truck,medium,flatbed,2,Mumbai,true,fair,regional_delivery|construction|industrial_goods|market_transport,https://www.eichertrucksandbuses.com/light-medium-duty-trucks/medium-duty/pro-2118
VEH-000333,Mahindra,Furio 10,2025,1640000,19639,Diesel,6000,10350,rigid_truck,intermediate,box,2,Mumbai,true,good,regional_delivery|ecommerce|fmcg|parcel_delivery,https://www.mahindratruckandbus.com/english/pdf/icv/furio-10.pdf
VEH-000334,Ashok Leyland,Dost XL,2020,285000,152120,Diesel,1400,2625,mini_truck,light,flatbed,2,Bengaluru,true,fair,city_delivery|regional_delivery|logistics,https://www.ashokleyland.com/in/lightvehicles/smallcommercialvechicles/dost-xl/specification
VEH-000335,Tata,Signa 4932.T,2025,5205000,21890,Diesel,35300,49000,rigid_truck,heavy,flatbed,5,Chennai,true,good,long_haul|industrial_goods|steel|market_transport,https://trucks.tatamotors.com/assets/trucks/files/2026-01/tata-signa-4932t.pdf
VEH-000336,Ashok Leyland,Dost XL,2017,205000,138589,Diesel,1400,2625,mini_truck,light,flatbed,2,Delhi,true,fair,city_delivery|regional_delivery|logistics,https://www.ashokleyland.com/in/lightvehicles/smallcommercialvechicles/dost-xl/specification
VEH-000337,Tata,Signa 4932.T,2022,3555000,129661,Diesel,35300,49000,rigid_truck,heavy,flatbed,5,Delhi,true,excellent,long_haul|industrial_goods|steel|market_transport,https://trucks.tatamotors.com/assets/trucks/files/2026-01/tata-signa-4932t.pdf
VEH-000338,Tata,Intra V10,2023,470000,28200,Diesel,1000,2120,mini_truck,light,flatbed,2,Bengaluru,true,fair,city_delivery|market_transport|logistics,https://smalltruckstest.tatamotors.com/tata-intra-v10
VEH-000339,Ashok Leyland,Bada Dost i6,2020,460000,117844,Diesel,2357,4100,pickup,light,open,2,Chennai,true,good,heavy_delivery|construction|regional_delivery,https://www.ashokleyland.com/in/lightvehicles/smallcommercialvechicles/bada-dost-i6-lx/specification
VEH-000340,Ashok Leyland,Bada Dost,2025,755000,16581,CNG,1246,2880,mini_truck,light,reefer,2,Surat,true,good,city_delivery|fmcg|regional_delivery,https://www.ashokleyland.com/in/lightvehicles/smallcommercialvechicles/bada-dost-cng/specification
VEH-000341,Tata,Ultra T.9,2020,735000,78337,Diesel,,9150,rigid_truck,intermediate,open,2,Delhi,true,fair,regional_delivery|ecommerce|fmcg|industrial_goods,https://trucks.tatamotors.com/ultra/tata-ultra-t9
VEH-000342,Ashok Leyland,AVTR 4825 10x2,2014,1225000,351401,Diesel,32000,47500,rigid_truck,heavy,tipper,5,Bengaluru,true,good,construction|coal|aggregates|roadwork,https://www.ashokleyland.com/in/pressrelease/ashok-leyland-launches-avtr-4825-10x2-tipper-with-tandem-dummy-axle
VEH-000343,Ashok Leyland,Bada Dost i6,2025,1110000,14246,Diesel,2357,4100,pickup,light,open,2,Chennai,true,good,heavy_delivery|construction|regional_delivery,https://www.ashokleyland.com/in/lightvehicles/smallcommercialvechicles/bada-dost-i6-lx/specification
VEH-000344,Ashok Leyland,Partner 6 Tyre,2019,445000,207790,Diesel,4885,7490,rigid_truck,intermediate,open,2,Pune,true,fair,city_delivery|regional_delivery|logistics|industrial_goods,https://www.ashokleyland.com/in/lightvehicles/smallcommercialvechicles/partner/specification?productId=1645
VEH-000345,Ashok Leyland,Bada Dost,2019,335000,259626,CNG,1246,2880,mini_truck,light,reefer,2,Hyderabad,true,good,city_delivery|fmcg|regional_delivery,https://www.ashokleyland.com/in/lightvehicles/smallcommercialvechicles/bada-dost-cng/specification
VEH-000346,Eicher,Pro 2118,2024,2160000,56647,Diesel,12800,18000,rigid_truck,medium,flatbed,2,Delhi,true,good,regional_delivery|construction|industrial_goods|market_transport,https://www.eichertrucksandbuses.com/light-medium-duty-trucks/medium-duty/pro-2118
VEH-000347,Mahindra,Bolero Pik-Up,2014,205000,351692,Diesel,1700,3490,pickup,light,open,2,Nagpur,true,good,regional_delivery|agriculture|construction,https://auto.mahindra.com/on/demandware.static/-/Sites-amc-Library/en_IN/-/media/project/mahindra/dotcom/mahindra/in-news---home/pr/brochure/1st.pdf
VEH-000348,Tata,Signa 4932.T,2023,4400000,28615,Diesel,35300,49000,rigid_truck,heavy,flatbed,5,Ahmedabad,false,good,long_haul|industrial_goods|steel|market_transport,https://trucks.tatamotors.com/assets/trucks/files/2026-01/tata-signa-4932t.pdf
VEH-000349,Tata,Intra V50,2018,330000,156985,Diesel,1500,2940,pickup,light,flatbed,2,Pune,true,excellent,regional_delivery|construction|industrial_goods,https://smalltrucks.tatamotors.com/sites/default/files/product/brochure/Intra_V50%20Brochure%20Low%20res.pdf
VEH-000350,Tata,Ultra T.16,2020,1140000,61388,Diesel,11000,16140,rigid_truck,medium,container,2,Ahmedabad,true,good,regional_delivery|ecommerce|fmcg|industrial_goods,https://trucks.tatamotors.com/ultra/tata-ultra-t16
VEH-000351,Tata,Intra V10,2025,645000,25018,Diesel,1000,2120,mini_truck,light,flatbed,2,Mumbai,true,good,city_delivery|market_transport|logistics,https://smalltruckstest.tatamotors.com/tata-intra-v10
VEH-000352,Tata,Signa 4932.T,2025,4730000,11675,Diesel,35300,49000,rigid_truck,heavy,flatbed,5,Surat,true,fair,long_haul|industrial_goods|steel|market_transport,https://trucks.tatamotors.com/assets/trucks/files/2026-01/tata-signa-4932t.pdf
VEH-000353,BharatBenz,1917R,2024,1885000,56494,Diesel,10000,18500,rigid_truck,medium,tanker,2,Indore,true,fair,regional_delivery|fuel_transport|water_transport|industrial_goods,https://www.bharatbenz.com/trucks/mdt-specifications-1917r-73
VEH-000354,Tata,Ultra T.16,2024,1845000,63197,Diesel,11000,16140,rigid_truck,medium,container,2,Delhi,true,excellent,regional_delivery|ecommerce|fmcg|industrial_goods,https://trucks.tatamotors.com/ultra/tata-ultra-t16
VEH-000355,Eicher,Pro 6048XP,2018,1925000,67522,Diesel,34000,47500,rigid_truck,heavy,flatbed,5,Jaipur,true,good,long_haul|industrial_goods|steel|market_transport,https://www.eichertrucksandbuses.com/heavy-duty-trucks/haulage/pro-6048xp
VEH-000356,Tata,Intra V10,2025,615000,29798,Diesel,1000,2120,mini_truck,light,flatbed,2,Bengaluru,true,good,city_delivery|market_transport|logistics,https://smalltruckstest.tatamotors.com/tata-intra-v10
VEH-000357,Tata,Intra V50,2019,385000,83939,Diesel,1500,2940,pickup,light,flatbed,2,Delhi,false,good,regional_delivery|construction|industrial_goods,https://smalltrucks.tatamotors.com/sites/default/files/product/brochure/Intra_V50%20Brochure%20Low%20res.pdf
VEH-000358,Tata,Ultra T.9,2019,675000,260455,Diesel,,9150,rigid_truck,intermediate,open,2,Pune,true,good,regional_delivery|ecommerce|fmcg|industrial_goods,https://trucks.tatamotors.com/ultra/tata-ultra-t9
VEH-000359,Tata,Intra V50,2023,680000,24156,Diesel,1500,2940,pickup,light,flatbed,2,Kolkata,true,good,regional_delivery|construction|industrial_goods,https://smalltrucks.tatamotors.com/sites/default/files/product/brochure/Intra_V50%20Brochure%20Low%20res.pdf
VEH-000360,BharatBenz,3528C,2020,1920000,207108,Diesel,20600,35000,rigid_truck,heavy,tipper,4,Delhi,true,good,mining|construction|infrastructure|aggregates,https://www.bharatbenz.com/uploads/truck_brochure/3528c-truck.pdf
VEH-000361,Tata,Ultra T.9,2022,760000,126073,Diesel,,9150,rigid_truck,intermediate,open,2,Surat,false,fair,regional_delivery|ecommerce|fmcg|industrial_goods,https://trucks.tatamotors.com/ultra/tata-ultra-t9
VEH-000362,Ashok Leyland,Bada Dost i4,2020,405000,231086,Diesel,1825,3490,pickup,light,container,2,Chennai,true,good,regional_delivery|construction|logistics,https://www.ashokleyland.com/in/lightvehicles/smallcommercialvechicles/bada-dost-i41/specification
VEH-000363,Ashok Leyland,Partner 6 Tyre,2016,370000,165531,Diesel,4885,7490,rigid_truck,intermediate,open,2,Ahmedabad,true,fair,city_delivery|regional_delivery|logistics|industrial_goods,https://www.ashokleyland.com/in/lightvehicles/smallcommercialvechicles/partner/specification?productId=1645
VEH-000364,Tata,Ace Gold,2022,320000,95273,CNG,660,1630,mini_truck,light,box,2,Nagpur,true,good,city_delivery|last_mile|fmcg|vegetable_delivery,https://smalltrucks.tatamotors.com/assets/smalltrucks/files/2025-01/ACE%20GOLD%20CNG.pdf
VEH-000365,Ashok Leyland,Bada Dost i6,2023,615000,120588,Diesel,2357,4100,pickup,light,open,2,Hyderabad,false,good,heavy_delivery|construction|regional_delivery,https://www.ashokleyland.com/in/lightvehicles/smallcommercialvechicles/bada-dost-i6-lx/specification
VEH-000366,BharatBenz,3528C,2020,2070000,58321,Diesel,20600,35000,rigid_truck,heavy,tipper,4,Mumbai,true,fair,mining|construction|infrastructure|aggregates,https://www.bharatbenz.com/uploads/truck_brochure/3528c-truck.pdf
VEH-000367,Tata,Intra V10,2014,150000,306854,Diesel,1000,2120,mini_truck,light,flatbed,2,Delhi,false,fair,city_delivery|market_transport|logistics,https://smalltruckstest.tatamotors.com/tata-intra-v10
VEH-000368,BharatBenz,1917R,2020,1175000,99495,Diesel,10000,18500,rigid_truck,medium,tanker,2,Kolkata,true,fair,regional_delivery|fuel_transport|water_transport|industrial_goods,https://www.bharatbenz.com/trucks/mdt-specifications-1917r-73
VEH-000369,Tata,Ace Gold,2014,150000,303829,CNG,660,1630,mini_truck,light,box,2,Mumbai,true,fair,city_delivery|last_mile|fmcg|vegetable_delivery,https://smalltrucks.tatamotors.com/assets/smalltrucks/files/2025-01/ACE%20GOLD%20CNG.pdf
VEH-000370,Ashok Leyland,AVTR 4825 10x2,2015,1350000,234072,Diesel,32000,47500,rigid_truck,heavy,tipper,5,Mumbai,true,good,construction|coal|aggregates|roadwork,https://www.ashokleyland.com/in/pressrelease/ashok-leyland-launches-avtr-4825-10x2-tipper-with-tandem-dummy-axle
VEH-000371,Ashok Leyland,Bada Dost i5+,2024,800000,77145,Diesel,2114,3800,pickup,light,flatbed,2,Bengaluru,true,good,heavy_delivery|construction|industrial_goods,https://www.ashokleyland.com/in/lightvehicles/smallcommercialvechicles/bada-dost-i5-lx-2/specification
VEH-000372,Tata,Ace Gold,2020,265000,112589,Diesel,900,1835,mini_truck,light,open,2,Bengaluru,true,good,city_delivery|logistics|construction,https://smalltrucks.tatamotors.com/tata-ace-gold-diesel
VEH-000373,Mahindra,Bolero Pik-Up,2018,325000,151127,Diesel,1700,3490,pickup,light,open,2,Kolkata,true,good,regional_delivery|agriculture|construction,https://auto.mahindra.com/on/demandware.static/-/Sites-amc-Library/en_IN/-/media/project/mahindra/dotcom/mahindra/in-news---home/pr/brochure/1st.pdf
VEH-000374,Ashok Leyland,AVTR 4825 10x2,2023,3265000,53790,Diesel,32000,47500,rigid_truck,heavy,tipper,5,Pune,false,fair,construction|coal|aggregates|roadwork,https://www.ashokleyland.com/in/pressrelease/ashok-leyland-launches-avtr-4825-10x2-tipper-with-tandem-dummy-axle
VEH-000375,Tata,Intra V10,2019,300000,103680,Diesel,1000,2120,mini_truck,light,flatbed,2,Mumbai,true,good,city_delivery|market_transport|logistics,https://smalltruckstest.tatamotors.com/tata-intra-v10
VEH-000376,Eicher,Pro 2118,2014,675000,104465,Diesel,12800,18000,rigid_truck,medium,flatbed,2,Bengaluru,true,good,regional_delivery|construction|industrial_goods|market_transport,https://www.eichertrucksandbuses.com/light-medium-duty-trucks/medium-duty/pro-2118
VEH-000377,Tata,Intra V30 Gold,2019,270000,221756,Diesel,1500,2775,pickup,light,open,2,Chennai,true,fair,regional_delivery|construction|logistics,https://smalltrucks.tatamotors.com/tata-intra-v30-gold
VEH-000378,Mahindra,Bolero Pik-Up,2016,255000,304309,Diesel,1700,3490,pickup,light,open,2,Bengaluru,true,excellent,regional_delivery|agriculture|construction,https://auto.mahindra.com/on/demandware.static/-/Sites-amc-Library/en_IN/-/media/project/mahindra/dotcom/mahindra/in-news---home/pr/brochure/1st.pdf
VEH-000379,BharatBenz,1917R,2018,1145000,92893,Diesel,10000,18500,rigid_truck,medium,tanker,2,Indore,true,good,regional_delivery|fuel_transport|water_transport|industrial_goods,https://www.bharatbenz.com/trucks/mdt-specifications-1917r-73
VEH-000380,Mahindra,Bolero Pik-Up,2018,315000,230157,Diesel,1700,3490,pickup,light,open,2,Bengaluru,true,good,regional_delivery|agriculture|construction,https://auto.mahindra.com/on/demandware.static/-/Sites-amc-Library/en_IN/-/media/project/mahindra/dotcom/mahindra/in-news---home/pr/brochure/1st.pdf
VEH-000381,Tata,Intra V10,2018,270000,66737,Diesel,1000,2120,mini_truck,light,flatbed,2,Delhi,true,good,city_delivery|market_transport|logistics,https://smalltruckstest.tatamotors.com/tata-intra-v10
VEH-000382,Tata,Signa 4932.T,2024,5035000,55116,Diesel,35300,49000,rigid_truck,heavy,flatbed,5,Hyderabad,true,good,long_haul|industrial_goods|steel|market_transport,https://trucks.tatamotors.com/assets/trucks/files/2026-01/tata-signa-4932t.pdf
VEH-000383,BharatBenz,3528C,2019,1630000,195555,Diesel,20600,35000,rigid_truck,heavy,tipper,4,Delhi,true,fair,mining|construction|infrastructure|aggregates,https://www.bharatbenz.com/uploads/truck_brochure/3528c-truck.pdf
VEH-000384,Ashok Leyland,Bada Dost i6,2025,1035000,25322,Diesel,2357,4100,pickup,light,open,2,Indore,true,good,heavy_delivery|construction|regional_delivery,https://www.ashokleyland.com/in/lightvehicles/smallcommercialvechicles/bada-dost-i6-lx/specification
VEH-000385,BharatBenz,4828RT,2023,3150000,49976,Diesel,36350,47500,rigid_truck,heavy,tipper,5,Bengaluru,false,fair,mining|construction|coal|aggregates,https://www.bharatbenz.com/uploads/truck_brochure/4828rt_74.pdf
VEH-000386,Ashok Leyland,Bada Dost i5+,2023,645000,72507,Diesel,2114,3800,pickup,light,flatbed,2,Mumbai,true,fair,heavy_delivery|construction|industrial_goods,https://www.ashokleyland.com/in/lightvehicles/smallcommercialvechicles/bada-dost-i5-lx-2/specification
VEH-000387,Mahindra,Jeeto Strong Diesel,2021,215000,122526,Diesel,815,1605,mini_truck,light,box,2,Hyderabad,true,fair,city_delivery|last_mile|vegetable_delivery,https://mahindralastmilemobility.com/jeeto-strong-diesel-cargo
VEH-000388,Mahindra,Bolero Pik-Up,2023,685000,39852,Diesel,1700,3490,pickup,light,open,2,Mumbai,true,good,regional_delivery|agriculture|construction,https://auto.mahindra.com/on/demandware.static/-/Sites-amc-Library/en_IN/-/media/project/mahindra/dotcom/mahindra/in-news---home/pr/brochure/1st.pdf
VEH-000389,Eicher,Pro 6048T,2017,1665000,206166,Diesel,32500,47500,rigid_truck,heavy,tipper,5,Hyderabad,true,good,mining|construction|coal|aggregates,https://www.eichertrucksandbuses.com/heavy-duty-trucks/tipper/pro-6048T
VEH-000390,Mahindra,Bolero Pik-Up,2023,525000,89379,Diesel,1700,3490,pickup,light,open,2,Jaipur,true,good,regional_delivery|agriculture|construction,https://auto.mahindra.com/on/demandware.static/-/Sites-amc-Library/en_IN/-/media/project/mahindra/dotcom/mahindra/in-news---home/pr/brochure/1st.pdf
VEH-000391,Ashok Leyland,Bada Dost i6,2018,425000,161080,Diesel,2357,4100,pickup,light,open,2,Pune,true,excellent,heavy_delivery|construction|regional_delivery,https://www.ashokleyland.com/in/lightvehicles/smallcommercialvechicles/bada-dost-i6-lx/specification
VEH-000392,Tata,Ultra T.9,2022,1125000,44662,Diesel,,9150,rigid_truck,intermediate,open,2,Pune,true,good,regional_delivery|ecommerce|fmcg|industrial_goods,https://trucks.tatamotors.com/ultra/tata-ultra-t9
VEH-000393,Tata,Ultra T.16,2022,1270000,76923,Diesel,11000,16140,rigid_truck,medium,container,2,Kolkata,false,fair,regional_delivery|ecommerce|fmcg|industrial_goods,https://trucks.tatamotors.com/ultra/tata-ultra-t16
VEH-000394,BharatBenz,3528C,2023,3310000,27574,Diesel,20600,35000,rigid_truck,heavy,tipper,4,Surat,false,good,mining|construction|infrastructure|aggregates,https://www.bharatbenz.com/uploads/truck_brochure/3528c-truck.pdf
VEH-000395,Tata,Intra V30 Gold,2022,555000,34597,Diesel,1500,2775,pickup,light,open,2,Chennai,true,good,regional_delivery|construction|logistics,https://smalltrucks.tatamotors.com/tata-intra-v30-gold
VEH-000396,BharatBenz,3528C,2019,1755000,244423,Diesel,20600,35000,rigid_truck,heavy,tipper,4,Ahmedabad,true,good,mining|construction|infrastructure|aggregates,https://www.bharatbenz.com/uploads/truck_brochure/3528c-truck.pdf
VEH-000397,BharatBenz,4828RT,2016,1695000,241079,Diesel,36350,47500,rigid_truck,heavy,tipper,5,Kolkata,true,excellent,mining|construction|coal|aggregates,https://www.bharatbenz.com/uploads/truck_brochure/4828rt_74.pdf
VEH-000398,Mahindra,Bolero Pik-Up,2025,695000,15697,Diesel,1700,3490,pickup,light,open,2,Delhi,true,fair,regional_delivery|agriculture|construction,https://auto.mahindra.com/on/demandware.static/-/Sites-amc-Library/en_IN/-/media/project/mahindra/dotcom/mahindra/in-news---home/pr/brochure/1st.pdf
VEH-000399,Ashok Leyland,Bada Dost i5+,2019,360000,132041,Diesel,2114,3800,pickup,light,flatbed,2,Mumbai,false,fair,heavy_delivery|construction|industrial_goods,https://www.ashokleyland.com/in/lightvehicles/smallcommercialvechicles/bada-dost-i5-lx-2/specification
VEH-000400,BharatBenz,1917R,2025,2390000,13433,Diesel,10000,18500,rigid_truck,medium,tanker,2,Indore,true,fair,regional_delivery|fuel_transport|water_transport|industrial_goods,https://www.bharatbenz.com/trucks/mdt-specifications-1917r-73
VEH-000401,Mahindra,Bolero Pik-Up,2020,395000,121098,Diesel,1700,3490,pickup,light,open,2,Surat,true,good,regional_delivery|agriculture|construction,https://auto.mahindra.com/on/demandware.static/-/Sites-amc-Library/en_IN/-/media/project/mahindra/dotcom/mahindra/in-news---home/pr/brochure/1st.pdf
VEH-000402,Ashok Leyland,Bada Dost,2015,205000,229730,CNG,1246,2880,mini_truck,light,reefer,2,Chennai,true,good,city_delivery|fmcg|regional_delivery,https://www.ashokleyland.com/in/lightvehicles/smallcommercialvechicles/bada-dost-cng/specification
VEH-000403,Tata,Intra V50,2015,225000,242281,Diesel,1500,2940,pickup,light,flatbed,2,Jaipur,true,good,regional_delivery|construction|industrial_goods,https://smalltrucks.tatamotors.com/sites/default/files/product/brochure/Intra_V50%20Brochure%20Low%20res.pdf
VEH-000404,Tata,Intra V30 Gold,2025,610000,40536,Diesel,1500,2775,pickup,light,open,2,Pune,true,fair,regional_delivery|construction|logistics,https://smalltrucks.tatamotors.com/tata-intra-v30-gold
VEH-000405,Ashok Leyland,Dost XL,2021,415000,99285,Diesel,1400,2625,mini_truck,light,flatbed,2,Hyderabad,false,good,city_delivery|regional_delivery|logistics,https://www.ashokleyland.com/in/lightvehicles/smallcommercialvechicles/dost-xl/specification
VEH-000406,Eicher,Pro 6028TM,2014,1130000,324234,Diesel,16500,28000,rigid_truck,heavy,tipper,3,Jaipur,true,good,construction|concrete|infrastructure|roadwork,https://www.eichertrucksandbuses.com/heavy-duty-trucks/tipper/pro-6028tm-224kw
VEH-000407,Ashok Leyland,Partner 6 Tyre,2015,350000,243102,Diesel,4885,7490,rigid_truck,intermediate,open,2,Delhi,true,excellent,city_delivery|regional_delivery|logistics|industrial_goods,https://www.ashokleyland.com/in/lightvehicles/smallcommercialvechicles/partner/specification?productId=1645
VEH-000408,Mahindra,Blazo X 48,2015,1235000,225114,Diesel,32000,47500,rigid_truck,heavy,tipper,5,Jaipur,true,good,mining|construction|coal|aggregates,https://www.mahindratruckandbus.com/english/pdf/hcv/blazo_48_tipper.pdf
VEH-000409,Eicher,Pro 6028TM,2021,1875000,121937,Diesel,16500,28000,rigid_truck,heavy,tipper,3,Jaipur,true,fair,construction|concrete|infrastructure|roadwork,https://www.eichertrucksandbuses.com/heavy-duty-trucks/tipper/pro-6028tm-224kw
VEH-000410,Tata,Signa 4932.T,2018,1860000,115019,Diesel,35300,49000,rigid_truck,heavy,flatbed,5,Pune,true,fair,long_haul|industrial_goods|steel|market_transport,https://trucks.tatamotors.com/assets/trucks/files/2026-01/tata-signa-4932t.pdf
VEH-000411,Mahindra,Blazo X 48,2022,3280000,73419,Diesel,32000,47500,rigid_truck,heavy,tipper,5,Bengaluru,true,good,mining|construction|coal|aggregates,https://www.mahindratruckandbus.com/english/pdf/hcv/blazo_48_tipper.pdf
VEH-000412,Tata,Ultra T.16,2018,865000,161097,Diesel,11000,16140,rigid_truck,medium,container,2,Mumbai,true,excellent,regional_delivery|ecommerce|fmcg|industrial_goods,https://trucks.tatamotors.com/ultra/tata-ultra-t16
VEH-000413,Mahindra,Blazo X 48,2016,1320000,274056,Diesel,32000,47500,rigid_truck,heavy,tipper,5,Mumbai,true,fair,mining|construction|coal|aggregates,https://www.mahindratruckandbus.com/english/pdf/hcv/blazo_48_tipper.pdf
VEH-000414,Mahindra,Bolero Pik-Up,2018,320000,123743,Diesel,1700,3490,pickup,light,open,2,Indore,false,good,regional_delivery|agriculture|construction,https://auto.mahindra.com/on/demandware.static/-/Sites-amc-Library/en_IN/-/media/project/mahindra/dotcom/mahindra/in-news---home/pr/brochure/1st.pdf
VEH-000415,BharatBenz,3528C,2022,2970000,37383,Diesel,20600,35000,rigid_truck,heavy,tipper,4,Chennai,true,good,mining|construction|infrastructure|aggregates,https://www.bharatbenz.com/uploads/truck_brochure/3528c-truck.pdf
VEH-000416,Mahindra,Bolero Pik-Up,2017,270000,221791,Diesel,1700,3490,pickup,light,open,2,Nagpur,true,excellent,regional_delivery|agriculture|construction,https://auto.mahindra.com/on/demandware.static/-/Sites-amc-Library/en_IN/-/media/project/mahindra/dotcom/mahindra/in-news---home/pr/brochure/1st.pdf
VEH-000417,Mahindra,Furio 10,2020,685000,159110,Diesel,6000,10350,rigid_truck,intermediate,box,2,Jaipur,true,fair,regional_delivery|ecommerce|fmcg|parcel_delivery,https://www.mahindratruckandbus.com/english/pdf/icv/furio-10.pdf
VEH-000418,Mahindra,Bolero Pik-Up,2025,700000,13349,Diesel,1700,3490,pickup,light,open,2,Mumbai,true,fair,regional_delivery|agriculture|construction,https://auto.mahindra.com/on/demandware.static/-/Sites-amc-Library/en_IN/-/media/project/mahindra/dotcom/mahindra/in-news---home/pr/brochure/1st.pdf
VEH-000419,Ashok Leyland,Bada Dost i6,2015,240000,287114,Diesel,2357,4100,pickup,light,open,2,Ahmedabad,true,fair,heavy_delivery|construction|regional_delivery,https://www.ashokleyland.com/in/lightvehicles/smallcommercialvechicles/bada-dost-i6-lx/specification
VEH-000420,Tata,Signa 4932.T,2015,1810000,73623,Diesel,35300,49000,rigid_truck,heavy,flatbed,5,Mumbai,true,excellent,long_haul|industrial_goods|steel|market_transport,https://trucks.tatamotors.com/assets/trucks/files/2026-01/tata-signa-4932t.pdf
VEH-000421,Tata,Ultra T.16,2014,575000,389463,Diesel,11000,16140,rigid_truck,medium,container,2,Chennai,true,good,regional_delivery|ecommerce|fmcg|industrial_goods,https://trucks.tatamotors.com/ultra/tata-ultra-t16
VEH-000422,Tata,Ultra T.16,2019,970000,80522,Diesel,11000,16140,rigid_truck,medium,container,2,Kolkata,true,good,regional_delivery|ecommerce|fmcg|industrial_goods,https://trucks.tatamotors.com/ultra/tata-ultra-t16
VEH-000423,Eicher,Pro 2118,2017,775000,122132,Diesel,12800,18000,rigid_truck,medium,flatbed,2,Ahmedabad,false,good,regional_delivery|construction|industrial_goods|market_transport,https://www.eichertrucksandbuses.com/light-medium-duty-trucks/medium-duty/pro-2118
VEH-000424,Eicher,Pro 2118,2020,1360000,70706,Diesel,12800,18000,rigid_truck,medium,flatbed,2,Surat,true,good,regional_delivery|construction|industrial_goods|market_transport,https://www.eichertrucksandbuses.com/light-medium-duty-trucks/medium-duty/pro-2118
VEH-000425,Tata,Ace Gold,2017,215000,104653,Diesel,900,1835,mini_truck,light,open,2,Delhi,false,excellent,city_delivery|logistics|construction,https://smalltrucks.tatamotors.com/tata-ace-gold-diesel
VEH-000426,Ashok Leyland,Dost XL,2025,695000,13034,Diesel,1400,2625,mini_truck,light,flatbed,2,Pune,true,fair,city_delivery|regional_delivery|logistics,https://www.ashokleyland.com/in/lightvehicles/smallcommercialvechicles/dost-xl/specification
VEH-000427,Tata,Ace Gold,2024,475000,78506,Diesel,900,1835,mini_truck,light,open,2,Hyderabad,true,excellent,city_delivery|logistics|construction,https://smalltrucks.tatamotors.com/tata-ace-gold-diesel
VEH-000428,Eicher,Pro 6048T,2014,1185000,124098,Diesel,32500,47500,rigid_truck,heavy,tipper,5,Bengaluru,true,good,mining|construction|coal|aggregates,https://www.eichertrucksandbuses.com/heavy-duty-trucks/tipper/pro-6048T
VEH-000429,BharatBenz,4828RT,2019,2055000,244371,Diesel,36350,47500,rigid_truck,heavy,tipper,5,Chennai,false,excellent,mining|construction|coal|aggregates,https://www.bharatbenz.com/uploads/truck_brochure/4828rt_74.pdf
VEH-000430,Tata,Signa 4932.T,2019,2310000,189840,Diesel,35300,49000,rigid_truck,heavy,flatbed,5,Hyderabad,true,good,long_haul|industrial_goods|steel|market_transport,https://trucks.tatamotors.com/assets/trucks/files/2026-01/tata-signa-4932t.pdf
VEH-000431,BharatBenz,1917R,2014,765000,146125,Diesel,10000,18500,rigid_truck,medium,tanker,2,Bengaluru,true,good,regional_delivery|fuel_transport|water_transport|industrial_goods,https://www.bharatbenz.com/trucks/mdt-specifications-1917r-73
VEH-000432,Tata,Ultra T.16,2014,585000,367067,Diesel,11000,16140,rigid_truck,medium,container,2,Delhi,false,good,regional_delivery|ecommerce|fmcg|industrial_goods,https://trucks.tatamotors.com/ultra/tata-ultra-t16
VEH-000433,BharatBenz,3528C,2017,1595000,302544,Diesel,20600,35000,rigid_truck,heavy,tipper,4,Delhi,true,excellent,mining|construction|infrastructure|aggregates,https://www.bharatbenz.com/uploads/truck_brochure/3528c-truck.pdf
VEH-000434,Eicher,Pro 2118,2023,1525000,94348,Diesel,12800,18000,rigid_truck,medium,flatbed,2,Nagpur,true,good,regional_delivery|construction|industrial_goods|market_transport,https://www.eichertrucksandbuses.com/light-medium-duty-trucks/medium-duty/pro-2118
VEH-000435,BharatBenz,1015R,2023,1450000,35301,Diesel,,10600,rigid_truck,intermediate,box,2,Pune,true,good,regional_delivery|fmcg|cold_chain|market_transport,https://www.bharatbenz.com/trucks/mdt-specifications-1015r-41
VEH-000436,BharatBenz,1015R,2019,825000,211165,Diesel,,10600,rigid_truck,intermediate,box,2,Bengaluru,false,good,regional_delivery|fmcg|cold_chain|market_transport,https://www.bharatbenz.com/trucks/mdt-specifications-1015r-41
VEH-000437,Tata,Ace Gold,2018,235000,279240,Diesel,900,1835,mini_truck,light,open,2,Ahmedabad,true,excellent,city_delivery|logistics|construction,https://smalltrucks.tatamotors.com/tata-ace-gold-diesel
VEH-000438,Ashok Leyland,Bada Dost i4,2016,250000,260674,Diesel,1825,3490,pickup,light,container,2,Chennai,false,good,regional_delivery|construction|logistics,https://www.ashokleyland.com/in/lightvehicles/smallcommercialvechicles/bada-dost-i41/specification
VEH-000439,Tata,Ace Gold,2022,315000,83871,CNG,660,1630,mini_truck,light,box,2,Chennai,true,fair,city_delivery|last_mile|fmcg|vegetable_delivery,https://smalltrucks.tatamotors.com/assets/smalltrucks/files/2025-01/ACE%20GOLD%20CNG.pdf
VEH-000440,Tata,Ultra T.9,2015,435000,126128,Diesel,,9150,rigid_truck,intermediate,open,2,Kolkata,true,good,regional_delivery|ecommerce|fmcg|industrial_goods,https://trucks.tatamotors.com/ultra/tata-ultra-t9
VEH-000441,Tata,Ace Gold,2025,560000,13328,Diesel,900,1835,mini_truck,light,open,2,Bengaluru,true,fair,city_delivery|logistics|construction,https://smalltrucks.tatamotors.com/tata-ace-gold-diesel
VEH-000442,Tata,Ace Gold,2019,240000,103183,Diesel,900,1835,mini_truck,light,open,2,Mumbai,true,fair,city_delivery|logistics|construction,https://smalltrucks.tatamotors.com/tata-ace-gold-diesel
VEH-000443,Tata,Signa 4932.T,2018,1740000,198465,Diesel,35300,49000,rigid_truck,heavy,flatbed,5,Ahmedabad,true,fair,long_haul|industrial_goods|steel|market_transport,https://trucks.tatamotors.com/assets/trucks/files/2026-01/tata-signa-4932t.pdf
VEH-000444,Mahindra,Bolero Pik-Up,2016,235000,288791,Diesel,1700,3490,pickup,light,open,2,Chennai,true,fair,regional_delivery|agriculture|construction,https://auto.mahindra.com/on/demandware.static/-/Sites-amc-Library/en_IN/-/media/project/mahindra/dotcom/mahindra/in-news---home/pr/brochure/1st.pdf
VEH-000445,Tata,Signa 4932.T,2019,2055000,217212,Diesel,35300,49000,rigid_truck,heavy,flatbed,5,Bengaluru,false,fair,long_haul|industrial_goods|steel|market_transport,https://trucks.tatamotors.com/assets/trucks/files/2026-01/tata-signa-4932t.pdf
VEH-000446,Ashok Leyland,AVTR 4825 10x2,2021,2280000,129566,Diesel,32000,47500,rigid_truck,heavy,tipper,5,Mumbai,true,fair,construction|coal|aggregates|roadwork,https://www.ashokleyland.com/in/pressrelease/ashok-leyland-launches-avtr-4825-10x2-tipper-with-tandem-dummy-axle
VEH-000447,BharatBenz,1917R,2017,900000,187616,Diesel,10000,18500,rigid_truck,medium,tanker,2,Kolkata,true,good,regional_delivery|fuel_transport|water_transport|industrial_goods,https://www.bharatbenz.com/trucks/mdt-specifications-1917r-73
VEH-000448,Tata,Intra V30 Gold,2016,230000,281192,Diesel,1500,2775,pickup,light,open,2,Indore,true,good,regional_delivery|construction|logistics,https://smalltrucks.tatamotors.com/tata-intra-v30-gold
VEH-000449,BharatBenz,3528C,2017,1545000,295700,Diesel,20600,35000,rigid_truck,heavy,tipper,4,Hyderabad,true,good,mining|construction|infrastructure|aggregates,https://www.bharatbenz.com/uploads/truck_brochure/3528c-truck.pdf
VEH-000450,Eicher,Pro 6048XP,2015,1325000,427982,Diesel,34000,47500,rigid_truck,heavy,flatbed,5,Bengaluru,true,good,long_haul|industrial_goods|steel|market_transport,https://www.eichertrucksandbuses.com/heavy-duty-trucks/haulage/pro-6048xp
VEH-000451,Mahindra,Bolero Pik-Up,2023,710000,31700,Diesel,1700,3490,pickup,light,open,2,Delhi,true,excellent,regional_delivery|agriculture|construction,https://auto.mahindra.com/on/demandware.static/-/Sites-amc-Library/en_IN/-/media/project/mahindra/dotcom/mahindra/in-news---home/pr/brochure/1st.pdf
VEH-000452,Tata,Ace Gold,2014,150000,362988,CNG,660,1630,mini_truck,light,box,2,Surat,true,fair,city_delivery|last_mile|fmcg|vegetable_delivery,https://smalltrucks.tatamotors.com/assets/smalltrucks/files/2025-01/ACE%20GOLD%20CNG.pdf
VEH-000453,BharatBenz,3528C,2022,2515000,138819,Diesel,20600,35000,rigid_truck,heavy,tipper,4,Kolkata,true,good,mining|construction|infrastructure|aggregates,https://www.bharatbenz.com/uploads/truck_brochure/3528c-truck.pdf
VEH-000454,Tata,Ultra T.16,2019,815000,138848,Diesel,11000,16140,rigid_truck,medium,container,2,Indore,true,fair,regional_delivery|ecommerce|fmcg|industrial_goods,https://trucks.tatamotors.com/ultra/tata-ultra-t16
VEH-000455,Tata,Ultra T.16,2016,625000,396424,Diesel,11000,16140,rigid_truck,medium,container,2,Hyderabad,true,good,regional_delivery|ecommerce|fmcg|industrial_goods,https://trucks.tatamotors.com/ultra/tata-ultra-t16
VEH-000456,Ashok Leyland,Bada Dost i4,2017,275000,304752,Diesel,1825,3490,pickup,light,container,2,Pune,true,fair,regional_delivery|construction|logistics,https://www.ashokleyland.com/in/lightvehicles/smallcommercialvechicles/bada-dost-i41/specification
VEH-000457,Tata,Ultra T.16,2023,1450000,96927,Diesel,11000,16140,rigid_truck,medium,container,2,Ahmedabad,true,good,regional_delivery|ecommerce|fmcg|industrial_goods,https://trucks.tatamotors.com/ultra/tata-ultra-t16
VEH-000458,Eicher,Pro 2059 Plus,2025,990000,18513,Diesel,,7490,rigid_truck,intermediate,open,2,Nagpur,true,fair,city_delivery|last_mile|ecommerce|fmcg,https://www.eichertrucksandbuses.com/light-medium-duty-trucks/light-duty/pro-2059
VEH-000459,Eicher,Pro 6048T,2018,1890000,280914,Diesel,32500,47500,rigid_truck,heavy,tipper,5,Pune,true,good,mining|construction|coal|aggregates,https://www.eichertrucksandbuses.com/heavy-duty-trucks/tipper/pro-6048T
VEH-000460,Tata,Ace Gold,2017,195000,113995,Diesel,900,1835,mini_truck,light,open,2,Delhi,true,good,city_delivery|logistics|construction,https://smalltrucks.tatamotors.com/tata-ace-gold-diesel
VEH-000461,Mahindra,Jeeto Strong Diesel,2021,250000,92854,Diesel,815,1605,mini_truck,light,box,2,Hyderabad,true,good,city_delivery|last_mile|vegetable_delivery,https://mahindralastmilemobility.com/jeeto-strong-diesel-cargo
VEH-000462,Tata,Ultra T.16,2015,525000,206928,Diesel,11000,16140,rigid_truck,medium,container,2,Hyderabad,false,fair,regional_delivery|ecommerce|fmcg|industrial_goods,https://trucks.tatamotors.com/ultra/tata-ultra-t16
VEH-000463,Eicher,Pro 2118,2019,1010000,291723,Diesel,12800,18000,rigid_truck,medium,flatbed,2,Pune,false,good,regional_delivery|construction|industrial_goods|market_transport,https://www.eichertrucksandbuses.com/light-medium-duty-trucks/medium-duty/pro-2118
VEH-000464,Eicher,Pro 6028TM,2017,1350000,310102,Diesel,16500,28000,rigid_truck,heavy,tipper,3,Chennai,true,good,construction|concrete|infrastructure|roadwork,https://www.eichertrucksandbuses.com/heavy-duty-trucks/tipper/pro-6028tm-224kw
VEH-000465,Tata,Ace Gold,2023,395000,101919,Diesel,900,1835,mini_truck,light,open,2,Chennai,true,excellent,city_delivery|logistics|construction,https://smalltrucks.tatamotors.com/tata-ace-gold-diesel
VEH-000466,Eicher,Pro 6048XP,2024,4345000,30028,Diesel,34000,47500,rigid_truck,heavy,flatbed,5,Kolkata,true,good,long_haul|industrial_goods|steel|market_transport,https://www.eichertrucksandbuses.com/heavy-duty-trucks/haulage/pro-6048xp
VEH-000467,Mahindra,Blazo X 48,2025,4595000,25546,Diesel,32000,47500,rigid_truck,heavy,tipper,5,Delhi,true,excellent,mining|construction|coal|aggregates,https://www.mahindratruckandbus.com/english/pdf/hcv/blazo_48_tipper.pdf
VEH-000468,Tata,Intra V30 Gold,2021,395000,100806,Diesel,1500,2775,pickup,light,open,2,Mumbai,true,good,regional_delivery|construction|logistics,https://smalltrucks.tatamotors.com/tata-intra-v30-gold
VEH-000469,Mahindra,Furio 10,2024,1530000,73602,Diesel,6000,10350,rigid_truck,intermediate,box,2,Pune,true,excellent,regional_delivery|ecommerce|fmcg|parcel_delivery,https://www.mahindratruckandbus.com/english/pdf/icv/furio-10.pdf
VEH-000470,Ashok Leyland,Bada Dost i5+,2021,440000,110559,Diesel,2114,3800,pickup,light,flatbed,2,Bengaluru,true,fair,heavy_delivery|construction|industrial_goods,https://www.ashokleyland.com/in/lightvehicles/smallcommercialvechicles/bada-dost-i5-lx-2/specification
VEH-000471,Mahindra,Furio 10,2022,1085000,56025,Diesel,6000,10350,rigid_truck,intermediate,box,2,Pune,true,fair,regional_delivery|ecommerce|fmcg|parcel_delivery,https://www.mahindratruckandbus.com/english/pdf/icv/furio-10.pdf
VEH-000472,Ashok Leyland,Bada Dost i6,2015,315000,273367,Diesel,2357,4100,pickup,light,open,2,Delhi,true,excellent,heavy_delivery|construction|regional_delivery,https://www.ashokleyland.com/in/lightvehicles/smallcommercialvechicles/bada-dost-i6-lx/specification
VEH-000473,BharatBenz,1015R,2017,665000,285646,Diesel,,10600,rigid_truck,intermediate,box,2,Jaipur,true,good,regional_delivery|fmcg|cold_chain|market_transport,https://www.bharatbenz.com/trucks/mdt-specifications-1015r-41
VEH-000474,Ashok Leyland,Bada Dost i5+,2017,365000,94676,Diesel,2114,3800,pickup,light,flatbed,2,Delhi,true,good,heavy_delivery|construction|industrial_goods,https://www.ashokleyland.com/in/lightvehicles/smallcommercialvechicles/bada-dost-i5-lx-2/specification
VEH-000475,Tata,Signa 4825.TK,2017,1880000,223074,Diesel,38000,47500,rigid_truck,heavy,tipper,5,Delhi,true,excellent,mining|construction|coal|aggregates,https://www.tatamotors.com/press-releases/tata-motors-introduces-indias-largest-tipper-truck-the-signa-4825-tk/
VEH-000476,Eicher,Pro 2059 Plus,2020,605000,79475,Diesel,,7490,rigid_truck,intermediate,open,2,Mumbai,true,good,city_delivery|last_mile|ecommerce|fmcg,https://www.eichertrucksandbuses.com/light-medium-duty-trucks/light-duty/pro-2059
VEH-000477,Eicher,Pro 2059 Plus,2016,370000,267303,Diesel,,7490,rigid_truck,intermediate,open,2,Pune,true,good,city_delivery|last_mile|ecommerce|fmcg,https://www.eichertrucksandbuses.com/light-medium-duty-trucks/light-duty/pro-2059
VEH-000478,Tata,Ace Gold,2020,275000,110164,CNG,660,1630,mini_truck,light,box,2,Pune,true,good,city_delivery|last_mile|fmcg|vegetable_delivery,https://smalltrucks.tatamotors.com/assets/smalltrucks/files/2025-01/ACE%20GOLD%20CNG.pdf
VEH-000479,Eicher,Pro 2118,2018,795000,180264,Diesel,12800,18000,rigid_truck,medium,flatbed,2,Mumbai,true,fair,regional_delivery|construction|industrial_goods|market_transport,https://www.eichertrucksandbuses.com/light-medium-duty-trucks/medium-duty/pro-2118
VEH-000480,Tata,Intra V50,2023,600000,65267,Diesel,1500,2940,pickup,light,flatbed,2,Chennai,false,good,regional_delivery|construction|industrial_goods,https://smalltrucks.tatamotors.com/sites/default/files/product/brochure/Intra_V50%20Brochure%20Low%20res.pdf
VEH-000481,Tata,Signa 4825.TK,2016,1670000,256897,Diesel,38000,47500,rigid_truck,heavy,tipper,5,Ahmedabad,true,good,mining|construction|coal|aggregates,https://www.tatamotors.com/press-releases/tata-motors-introduces-indias-largest-tipper-truck-the-signa-4825-tk/
VEH-000482,BharatBenz,4828RT,2015,1450000,302862,Diesel,36350,47500,rigid_truck,heavy,tipper,5,Hyderabad,false,good,mining|construction|coal|aggregates,https://www.bharatbenz.com/uploads/truck_brochure/4828rt_74.pdf
VEH-000483,Ashok Leyland,Bada Dost,2017,290000,93609,CNG,1246,2880,mini_truck,light,reefer,2,Surat,true,good,city_delivery|fmcg|regional_delivery,https://www.ashokleyland.com/in/lightvehicles/smallcommercialvechicles/bada-dost-cng/specification
VEH-000484,Tata,Ultra T.16,2017,850000,110341,Diesel,11000,16140,rigid_truck,medium,container,2,Chennai,false,excellent,regional_delivery|ecommerce|fmcg|industrial_goods,https://trucks.tatamotors.com/ultra/tata-ultra-t16
VEH-000485,Eicher,Pro 2118,2020,1250000,48078,Diesel,12800,18000,rigid_truck,medium,flatbed,2,Pune,true,good,regional_delivery|construction|industrial_goods|market_transport,https://www.eichertrucksandbuses.com/light-medium-duty-trucks/medium-duty/pro-2118
VEH-000486,Mahindra,Jeeto Strong Diesel,2019,155000,197941,Diesel,815,1605,mini_truck,light,box,2,Hyderabad,true,fair,city_delivery|last_mile|vegetable_delivery,https://mahindralastmilemobility.com/jeeto-strong-diesel-cargo
VEH-000487,Eicher,Pro 6048T,2014,1235000,207380,Diesel,32500,47500,rigid_truck,heavy,tipper,5,Bengaluru,true,good,mining|construction|coal|aggregates,https://www.eichertrucksandbuses.com/heavy-duty-trucks/tipper/pro-6048T
VEH-000488,Tata,Signa 4932.T,2017,1665000,137147,Diesel,35300,49000,rigid_truck,heavy,flatbed,5,Pune,false,fair,long_haul|industrial_goods|steel|market_transport,https://trucks.tatamotors.com/assets/trucks/files/2026-01/tata-signa-4932t.pdf
VEH-000489,BharatBenz,1015R,2016,635000,82235,Diesel,,10600,rigid_truck,intermediate,box,2,Mumbai,true,excellent,regional_delivery|fmcg|cold_chain|market_transport,https://www.bharatbenz.com/trucks/mdt-specifications-1015r-41
VEH-000490,Tata,Intra V10,2023,430000,62647,Diesel,1000,2120,mini_truck,light,flatbed,2,Bengaluru,true,fair,city_delivery|market_transport|logistics,https://smalltruckstest.tatamotors.com/tata-intra-v10
VEH-000491,Ashok Leyland,Bada Dost i5+,2018,395000,162147,Diesel,2114,3800,pickup,light,flatbed,2,Mumbai,true,excellent,heavy_delivery|construction|industrial_goods,https://www.ashokleyland.com/in/lightvehicles/smallcommercialvechicles/bada-dost-i5-lx-2/specification
VEH-000492,Ashok Leyland,Partner 6 Tyre,2023,750000,86426,Diesel,4885,7490,rigid_truck,intermediate,open,2,Delhi,false,fair,city_delivery|regional_delivery|logistics|industrial_goods,https://www.ashokleyland.com/in/lightvehicles/smallcommercialvechicles/partner/specification?productId=1645
VEH-000493,BharatBenz,1015R,2016,525000,282892,Diesel,,10600,rigid_truck,intermediate,box,2,Surat,false,fair,regional_delivery|fmcg|cold_chain|market_transport,https://www.bharatbenz.com/trucks/mdt-specifications-1015r-41
VEH-000494,Ashok Leyland,Bada Dost i4,2018,290000,158924,Diesel,1825,3490,pickup,light,container,2,Kolkata,false,fair,regional_delivery|construction|logistics,https://www.ashokleyland.com/in/lightvehicles/smallcommercialvechicles/bada-dost-i41/specification
VEH-000495,Ashok Leyland,Bada Dost i5+,2017,340000,125081,Diesel,2114,3800,pickup,light,flatbed,2,Hyderabad,true,good,heavy_delivery|construction|industrial_goods,https://www.ashokleyland.com/in/lightvehicles/smallcommercialvechicles/bada-dost-i5-lx-2/specification
VEH-000496,Tata,Intra V10,2024,520000,14541,Diesel,1000,2120,mini_truck,light,flatbed,2,Bengaluru,true,fair,city_delivery|market_transport|logistics,https://smalltruckstest.tatamotors.com/tata-intra-v10
VEH-000497,Ashok Leyland,Dost XL,2016,195000,212802,Diesel,1400,2625,mini_truck,light,flatbed,2,Mumbai,true,fair,city_delivery|regional_delivery|logistics,https://www.ashokleyland.com/in/lightvehicles/smallcommercialvechicles/dost-xl/specification
VEH-000498,Ashok Leyland,Bada Dost i4,2017,290000,86711,Diesel,1825,3490,pickup,light,container,2,Ahmedabad,true,fair,regional_delivery|construction|logistics,https://www.ashokleyland.com/in/lightvehicles/smallcommercialvechicles/bada-dost-i41/specification
VEH-000499,Ashok Leyland,Bada Dost,2019,335000,132446,CNG,1246,2880,mini_truck,light,reefer,2,Pune,true,good,city_delivery|fmcg|regional_delivery,https://www.ashokleyland.com/in/lightvehicles/smallcommercialvechicles/bada-dost-cng/specification
VEH-000500,Tata,Signa 4932.T,2019,2470000,76066,Diesel,35300,49000,rigid_truck,heavy,flatbed,5,Mumbai,true,fair,long_haul|industrial_goods|steel|market_transport,https://trucks.tatamotors.com/assets/trucks/files/2026-01/tata-signa-4932t.pdf
VEH-000501,Eicher,Pro 2059 Plus,2022,760000,36137,Diesel,,7490,rigid_truck,intermediate,open,2,Mumbai,true,fair,city_delivery|last_mile|ecommerce|fmcg,https://www.eichertrucksandbuses.com/light-medium-duty-trucks/light-duty/pro-2059
VEH-000502,BharatBenz,1917R,2020,1390000,119540,Diesel,10000,18500,rigid_truck,medium,tanker,2,Delhi,false,excellent,regional_delivery|fuel_transport|water_transport|industrial_goods,https://www.bharatbenz.com/trucks/mdt-specifications-1917r-73
VEH-000503,Mahindra,Jeeto Strong Diesel,2016,150000,212164,Diesel,815,1605,mini_truck,light,box,2,Ahmedabad,true,good,city_delivery|last_mile|vegetable_delivery,https://mahindralastmilemobility.com/jeeto-strong-diesel-cargo
VEH-000504,Ashok Leyland,Bada Dost,2017,255000,188232,CNG,1246,2880,mini_truck,light,reefer,2,Chennai,true,good,city_delivery|fmcg|regional_delivery,https://www.ashokleyland.com/in/lightvehicles/smallcommercialvechicles/bada-dost-cng/specification
VEH-000505,Tata,Signa 4932.T,2014,1385000,181372,Diesel,35300,49000,rigid_truck,heavy,flatbed,5,Delhi,true,good,long_haul|industrial_goods|steel|market_transport,https://trucks.tatamotors.com/assets/trucks/files/2026-01/tata-signa-4932t.pdf
VEH-000506,Ashok Leyland,Bada Dost,2016,245000,336870,CNG,1246,2880,mini_truck,light,reefer,2,Hyderabad,true,excellent,city_delivery|fmcg|regional_delivery,https://www.ashokleyland.com/in/lightvehicles/smallcommercialvechicles/bada-dost-cng/specification
VEH-000507,BharatBenz,4828RT,2016,1485000,176807,Diesel,36350,47500,rigid_truck,heavy,tipper,5,Hyderabad,true,good,mining|construction|coal|aggregates,https://www.bharatbenz.com/uploads/truck_brochure/4828rt_74.pdf
VEH-000508,Eicher,Pro 6048XP,2016,1410000,298108,Diesel,34000,47500,rigid_truck,heavy,flatbed,5,Nagpur,false,good,long_haul|industrial_goods|steel|market_transport,https://www.eichertrucksandbuses.com/heavy-duty-trucks/haulage/pro-6048xp
VEH-000509,Eicher,Pro 2118,2025,2150000,17169,Diesel,12800,18000,rigid_truck,medium,flatbed,2,Delhi,true,fair,regional_delivery|construction|industrial_goods|market_transport,https://www.eichertrucksandbuses.com/light-medium-duty-trucks/medium-duty/pro-2118
VEH-000510,Ashok Leyland,Partner 6 Tyre,2016,400000,147322,Diesel,4885,7490,rigid_truck,intermediate,open,2,Indore,true,good,city_delivery|regional_delivery|logistics|industrial_goods,https://www.ashokleyland.com/in/lightvehicles/smallcommercialvechicles/partner/specification?productId=1645
VEH-000511,Mahindra,Bolero Pik-Up,2020,380000,170238,Diesel,1700,3490,pickup,light,open,2,Kolkata,true,good,regional_delivery|agriculture|construction,https://auto.mahindra.com/on/demandware.static/-/Sites-amc-Library/en_IN/-/media/project/mahindra/dotcom/mahindra/in-news---home/pr/brochure/1st.pdf
VEH-000512,Tata,Intra V50,2014,225000,381392,Diesel,1500,2940,pickup,light,flatbed,2,Pune,true,good,regional_delivery|construction|industrial_goods,https://smalltrucks.tatamotors.com/sites/default/files/product/brochure/Intra_V50%20Brochure%20Low%20res.pdf
VEH-000513,Mahindra,Bolero Pik-Up,2016,265000,71782,Diesel,1700,3490,pickup,light,open,2,Mumbai,true,good,regional_delivery|agriculture|construction,https://auto.mahindra.com/on/demandware.static/-/Sites-amc-Library/en_IN/-/media/project/mahindra/dotcom/mahindra/in-news---home/pr/brochure/1st.pdf
VEH-000514,BharatBenz,3528C,2021,2330000,148191,Diesel,20600,35000,rigid_truck,heavy,tipper,4,Indore,true,good,mining|construction|infrastructure|aggregates,https://www.bharatbenz.com/uploads/truck_brochure/3528c-truck.pdf
VEH-000515,Eicher,Pro 6028TM,2018,1430000,237905,Diesel,16500,28000,rigid_truck,heavy,tipper,3,Mumbai,true,good,construction|concrete|infrastructure|roadwork,https://www.eichertrucksandbuses.com/heavy-duty-trucks/tipper/pro-6028tm-224kw
VEH-000516,Tata,Ultra T.16,2015,630000,294724,Diesel,11000,16140,rigid_truck,medium,container,2,Ahmedabad,true,good,regional_delivery|ecommerce|fmcg|industrial_goods,https://trucks.tatamotors.com/ultra/tata-ultra-t16
VEH-000517,Ashok Leyland,AVTR 4825 10x2,2021,3040000,52443,Diesel,32000,47500,rigid_truck,heavy,tipper,5,Ahmedabad,true,good,construction|coal|aggregates|roadwork,https://www.ashokleyland.com/in/pressrelease/ashok-leyland-launches-avtr-4825-10x2-tipper-with-tandem-dummy-axle
VEH-000518,Tata,Intra V30 Gold,2016,240000,141496,Diesel,1500,2775,pickup,light,open,2,Delhi,true,good,regional_delivery|construction|logistics,https://smalltrucks.tatamotors.com/tata-intra-v30-gold
VEH-000519,Tata,Intra V30 Gold,2021,405000,63872,Diesel,1500,2775,pickup,light,open,2,Pune,true,fair,regional_delivery|construction|logistics,https://smalltrucks.tatamotors.com/tata-intra-v30-gold
VEH-000520,Tata,Ace Gold,2015,185000,325929,Diesel,900,1835,mini_truck,light,open,2,Indore,false,excellent,city_delivery|logistics|construction,https://smalltrucks.tatamotors.com/tata-ace-gold-diesel
VEH-000521,Mahindra,Jeeto Strong Diesel,2018,185000,254168,Diesel,815,1605,mini_truck,light,box,2,Nagpur,true,good,city_delivery|last_mile|vegetable_delivery,https://mahindralastmilemobility.com/jeeto-strong-diesel-cargo
VEH-000522,Ashok Leyland,Bada Dost i4,2023,735000,29699,Diesel,1825,3490,pickup,light,container,2,Mumbai,true,good,regional_delivery|construction|logistics,https://www.ashokleyland.com/in/lightvehicles/smallcommercialvechicles/bada-dost-i41/specification
VEH-000523,Mahindra,Blazo X 48,2018,1925000,105023,Diesel,32000,47500,rigid_truck,heavy,tipper,5,Mumbai,true,good,mining|construction|coal|aggregates,https://www.mahindratruckandbus.com/english/pdf/hcv/blazo_48_tipper.pdf
VEH-000524,Eicher,Pro 2059 Plus,2020,565000,198954,Diesel,,7490,rigid_truck,intermediate,open,2,Delhi,false,excellent,city_delivery|last_mile|ecommerce|fmcg,https://www.eichertrucksandbuses.com/light-medium-duty-trucks/light-duty/pro-2059
VEH-000525,Tata,Intra V10,2018,235000,149781,Diesel,1000,2120,mini_truck,light,flatbed,2,Surat,true,good,city_delivery|market_transport|logistics,https://smalltruckstest.tatamotors.com/tata-intra-v10
VEH-000526,Tata,Intra V10,2016,200000,263424,Diesel,1000,2120,mini_truck,light,flatbed,2,Delhi,true,excellent,city_delivery|market_transport|logistics,https://smalltruckstest.tatamotors.com/tata-intra-v10
VEH-000527,Tata,Intra V10,2014,175000,152709,Diesel,1000,2120,mini_truck,light,flatbed,2,Mumbai,false,excellent,city_delivery|market_transport|logistics,https://smalltruckstest.tatamotors.com/tata-intra-v10
VEH-000528,BharatBenz,1917R,2014,725000,251546,Diesel,10000,18500,rigid_truck,medium,tanker,2,Hyderabad,true,good,regional_delivery|fuel_transport|water_transport|industrial_goods,https://www.bharatbenz.com/trucks/mdt-specifications-1917r-73
VEH-000529,Tata,Ultra T.16,2022,1020000,121631,Diesel,11000,16140,rigid_truck,medium,container,2,Kolkata,true,fair,regional_delivery|ecommerce|fmcg|industrial_goods,https://trucks.tatamotors.com/ultra/tata-ultra-t16
VEH-000530,Ashok Leyland,Bada Dost,2021,505000,73240,CNG,1246,2880,mini_truck,light,reefer,2,Indore,true,excellent,city_delivery|fmcg|regional_delivery,https://www.ashokleyland.com/in/lightvehicles/smallcommercialvechicles/bada-dost-cng/specification
VEH-000531,Mahindra,Furio 10,2023,1200000,89861,Diesel,6000,10350,rigid_truck,intermediate,box,2,Kolkata,true,good,regional_delivery|ecommerce|fmcg|parcel_delivery,https://www.mahindratruckandbus.com/english/pdf/icv/furio-10.pdf
VEH-000532,Ashok Leyland,Bada Dost i4,2021,440000,123617,Diesel,1825,3490,pickup,light,container,2,Surat,true,excellent,regional_delivery|construction|logistics,https://www.ashokleyland.com/in/lightvehicles/smallcommercialvechicles/bada-dost-i41/specification
VEH-000533,BharatBenz,1917R,2019,1315000,57131,Diesel,10000,18500,rigid_truck,medium,tanker,2,Chennai,true,good,regional_delivery|fuel_transport|water_transport|industrial_goods,https://www.bharatbenz.com/trucks/mdt-specifications-1917r-73
VEH-000534,Eicher,Pro 2118,2021,1135000,128749,Diesel,12800,18000,rigid_truck,medium,flatbed,2,Ahmedabad,true,fair,regional_delivery|construction|industrial_goods|market_transport,https://www.eichertrucksandbuses.com/light-medium-duty-trucks/medium-duty/pro-2118
VEH-000535,Tata,Ace Gold,2023,410000,82864,CNG,660,1630,mini_truck,light,box,2,Kolkata,true,good,city_delivery|last_mile|fmcg|vegetable_delivery,https://smalltrucks.tatamotors.com/assets/smalltrucks/files/2025-01/ACE%20GOLD%20CNG.pdf
VEH-000536,Tata,Ace Gold,2024,530000,48148,Diesel,900,1835,mini_truck,light,open,2,Kolkata,true,excellent,city_delivery|logistics|construction,https://smalltrucks.tatamotors.com/tata-ace-gold-diesel
VEH-000537,Tata,Intra V10,2024,500000,71627,Diesel,1000,2120,mini_truck,light,flatbed,2,Kolkata,true,good,city_delivery|market_transport|logistics,https://smalltruckstest.tatamotors.com/tata-intra-v10
VEH-000538,Ashok Leyland,Bada Dost,2023,670000,20577,CNG,1246,2880,mini_truck,light,reefer,2,Jaipur,true,good,city_delivery|fmcg|regional_delivery,https://www.ashokleyland.com/in/lightvehicles/smallcommercialvechicles/bada-dost-cng/specification
VEH-000539,Eicher,Pro 6048T,2017,1440000,166114,Diesel,32500,47500,rigid_truck,heavy,tipper,5,Hyderabad,true,fair,mining|construction|coal|aggregates,https://www.eichertrucksandbuses.com/heavy-duty-trucks/tipper/pro-6048T
VEH-000540,BharatBenz,1917R,2019,1225000,188369,Diesel,10000,18500,rigid_truck,medium,tanker,2,Ahmedabad,true,good,regional_delivery|fuel_transport|water_transport|industrial_goods,https://www.bharatbenz.com/trucks/mdt-specifications-1917r-73
VEH-000541,Tata,Intra V50,2020,350000,113544,Diesel,1500,2940,pickup,light,flatbed,2,Surat,false,good,regional_delivery|construction|industrial_goods,https://smalltrucks.tatamotors.com/sites/default/files/product/brochure/Intra_V50%20Brochure%20Low%20res.pdf
VEH-000542,Ashok Leyland,Dost XL,2017,285000,81437,Diesel,1400,2625,mini_truck,light,flatbed,2,Pune,true,good,city_delivery|regional_delivery|logistics,https://www.ashokleyland.com/in/lightvehicles/smallcommercialvechicles/dost-xl/specification
VEH-000543,Ashok Leyland,AVTR 4825 10x2,2025,5100000,24322,Diesel,32000,47500,rigid_truck,heavy,tipper,5,Bengaluru,true,good,construction|coal|aggregates|roadwork,https://www.ashokleyland.com/in/pressrelease/ashok-leyland-launches-avtr-4825-10x2-tipper-with-tandem-dummy-axle
VEH-000544,Eicher,Pro 2118,2019,1040000,93963,Diesel,12800,18000,rigid_truck,medium,flatbed,2,Kolkata,false,good,regional_delivery|construction|industrial_goods|market_transport,https://www.eichertrucksandbuses.com/light-medium-duty-trucks/medium-duty/pro-2118
VEH-000545,Eicher,Pro 6048T,2021,2150000,164002,Diesel,32500,47500,rigid_truck,heavy,tipper,5,Surat,true,fair,mining|construction|coal|aggregates,https://www.eichertrucksandbuses.com/heavy-duty-trucks/tipper/pro-6048T
VEH-000546,Ashok Leyland,Bada Dost i5+,2018,355000,220592,Diesel,2114,3800,pickup,light,flatbed,2,Pune,true,good,heavy_delivery|construction|industrial_goods,https://www.ashokleyland.com/in/lightvehicles/smallcommercialvechicles/bada-dost-i5-lx-2/specification
VEH-000547,Tata,Signa 4825.TK,2023,4270000,30343,Diesel,38000,47500,rigid_truck,heavy,tipper,5,Mumbai,true,excellent,mining|construction|coal|aggregates,https://www.tatamotors.com/press-releases/tata-motors-introduces-indias-largest-tipper-truck-the-signa-4825-tk/
VEH-000548,Tata,Intra V30 Gold,2020,330000,118314,Diesel,1500,2775,pickup,light,open,2,Bengaluru,true,fair,regional_delivery|construction|logistics,https://smalltrucks.tatamotors.com/tata-intra-v30-gold
VEH-000549,Tata,Intra V10,2025,680000,19038,Diesel,1000,2120,mini_truck,light,flatbed,2,Delhi,false,excellent,city_delivery|market_transport|logistics,https://smalltruckstest.tatamotors.com/tata-intra-v10
VEH-000550,Tata,Signa 4825.TK,2024,4460000,73461,Diesel,38000,47500,rigid_truck,heavy,tipper,5,Delhi,false,good,mining|construction|coal|aggregates,https://www.tatamotors.com/press-releases/tata-motors-introduces-indias-largest-tipper-truck-the-signa-4825-tk/
VEH-000551,Ashok Leyland,Bada Dost i6,2024,850000,54314,Diesel,2357,4100,pickup,light,open,2,Indore,false,good,heavy_delivery|construction|regional_delivery,https://www.ashokleyland.com/in/lightvehicles/smallcommercialvechicles/bada-dost-i6-lx/specification
VEH-000552,Ashok Leyland,Bada Dost i6,2025,955000,39489,Diesel,2357,4100,pickup,light,open,2,Hyderabad,true,good,heavy_delivery|construction|regional_delivery,https://www.ashokleyland.com/in/lightvehicles/smallcommercialvechicles/bada-dost-i6-lx/specification
VEH-000553,Ashok Leyland,AVTR 4825 10x2,2024,4220000,33554,Diesel,32000,47500,rigid_truck,heavy,tipper,5,Pune,true,good,construction|coal|aggregates|roadwork,https://www.ashokleyland.com/in/pressrelease/ashok-leyland-launches-avtr-4825-10x2-tipper-with-tandem-dummy-axle
VEH-000554,Tata,Signa 4825.TK,2025,5145000,30872,Diesel,38000,47500,rigid_truck,heavy,tipper,5,Bengaluru,true,good,mining|construction|coal|aggregates,https://www.tatamotors.com/press-releases/tata-motors-introduces-indias-largest-tipper-truck-the-signa-4825-tk/
VEH-000555,Tata,Ace Gold,2015,150000,285857,Diesel,900,1835,mini_truck,light,open,2,Mumbai,true,fair,city_delivery|logistics|construction,https://smalltrucks.tatamotors.com/tata-ace-gold-diesel
VEH-000556,Ashok Leyland,Bada Dost,2024,700000,24098,CNG,1246,2880,mini_truck,light,reefer,2,Hyderabad,true,good,city_delivery|fmcg|regional_delivery,https://www.ashokleyland.com/in/lightvehicles/smallcommercialvechicles/bada-dost-cng/specification
VEH-000557,Ashok Leyland,AVTR 4825 10x2,2025,4805000,28715,Diesel,32000,47500,rigid_truck,heavy,tipper,5,Mumbai,true,good,construction|coal|aggregates|roadwork,https://www.ashokleyland.com/in/pressrelease/ashok-leyland-launches-avtr-4825-10x2-tipper-with-tandem-dummy-axle
VEH-000558,Mahindra,Furio 10,2014,460000,243925,Diesel,6000,10350,rigid_truck,intermediate,box,2,Kolkata,true,excellent,regional_delivery|ecommerce|fmcg|parcel_delivery,https://www.mahindratruckandbus.com/english/pdf/icv/furio-10.pdf
VEH-000559,BharatBenz,3528C,2023,3665000,31247,Diesel,20600,35000,rigid_truck,heavy,tipper,4,Ahmedabad,true,good,mining|construction|infrastructure|aggregates,https://www.bharatbenz.com/uploads/truck_brochure/3528c-truck.pdf
VEH-000560,BharatBenz,3528C,2019,2030000,189015,Diesel,20600,35000,rigid_truck,heavy,tipper,4,Kolkata,true,excellent,mining|construction|infrastructure|aggregates,https://www.bharatbenz.com/uploads/truck_brochure/3528c-truck.pdf
VEH-000561,BharatBenz,1917R,2017,930000,295903,Diesel,10000,18500,rigid_truck,medium,tanker,2,Ahmedabad,true,good,regional_delivery|fuel_transport|water_transport|industrial_goods,https://www.bharatbenz.com/trucks/mdt-specifications-1917r-73
VEH-000562,Ashok Leyland,Bada Dost i5+,2020,480000,55640,Diesel,2114,3800,pickup,light,flatbed,2,Nagpur,true,good,heavy_delivery|construction|industrial_goods,https://www.ashokleyland.com/in/lightvehicles/smallcommercialvechicles/bada-dost-i5-lx-2/specification
VEH-000563,Tata,Ace Gold,2018,260000,91308,Diesel,900,1835,mini_truck,light,open,2,Chennai,true,good,city_delivery|logistics|construction,https://smalltrucks.tatamotors.com/tata-ace-gold-diesel
VEH-000564,Eicher,Pro 2118,2025,2245000,17210,Diesel,12800,18000,rigid_truck,medium,flatbed,2,Nagpur,true,good,regional_delivery|construction|industrial_goods|market_transport,https://www.eichertrucksandbuses.com/light-medium-duty-trucks/medium-duty/pro-2118
VEH-000565,Tata,Signa 4932.T,2018,2180000,293005,Diesel,35300,49000,rigid_truck,heavy,flatbed,5,Jaipur,false,good,long_haul|industrial_goods|steel|market_transport,https://trucks.tatamotors.com/assets/trucks/files/2026-01/tata-signa-4932t.pdf
VEH-000566,Tata,Signa 4825.TK,2016,1655000,169524,Diesel,38000,47500,rigid_truck,heavy,tipper,5,Mumbai,true,good,mining|construction|coal|aggregates,https://www.tatamotors.com/press-releases/tata-motors-introduces-indias-largest-tipper-truck-the-signa-4825-tk/
VEH-000567,Tata,Ultra T.9,2014,425000,189785,Diesel,,9150,rigid_truck,intermediate,open,2,Delhi,true,excellent,regional_delivery|ecommerce|fmcg|industrial_goods,https://trucks.tatamotors.com/ultra/tata-ultra-t9
VEH-000568,Ashok Leyland,Bada Dost i6,2017,310000,218362,Diesel,2357,4100,pickup,light,open,2,Chennai,true,fair,heavy_delivery|construction|regional_delivery,https://www.ashokleyland.com/in/lightvehicles/smallcommercialvechicles/bada-dost-i6-lx/specification
VEH-000569,Tata,Ace Gold,2023,410000,85617,Diesel,900,1835,mini_truck,light,open,2,Delhi,false,good,city_delivery|logistics|construction,https://smalltrucks.tatamotors.com/tata-ace-gold-diesel
VEH-000570,Mahindra,Jeeto Strong Diesel,2020,205000,194520,Diesel,815,1605,mini_truck,light,box,2,Kolkata,true,good,city_delivery|last_mile|vegetable_delivery,https://mahindralastmilemobility.com/jeeto-strong-diesel-cargo
VEH-000571,BharatBenz,1917R,2022,1660000,108225,Diesel,10000,18500,rigid_truck,medium,tanker,2,Kolkata,true,good,regional_delivery|fuel_transport|water_transport|industrial_goods,https://www.bharatbenz.com/trucks/mdt-specifications-1917r-73
VEH-000572,BharatBenz,1015R,2025,1740000,24400,Diesel,,10600,rigid_truck,intermediate,box,2,Mumbai,false,good,regional_delivery|fmcg|cold_chain|market_transport,https://www.bharatbenz.com/trucks/mdt-specifications-1015r-41
VEH-000573,Tata,Intra V30 Gold,2022,450000,55749,Diesel,1500,2775,pickup,light,open,2,Pune,true,fair,regional_delivery|construction|logistics,https://smalltrucks.tatamotors.com/tata-intra-v30-gold
VEH-000574,Mahindra,Furio 10,2023,1305000,25577,Diesel,6000,10350,rigid_truck,intermediate,box,2,Pune,true,good,regional_delivery|ecommerce|fmcg|parcel_delivery,https://www.mahindratruckandbus.com/english/pdf/icv/furio-10.pdf
VEH-000575,Tata,Intra V50,2024,615000,50711,Diesel,1500,2940,pickup,light,flatbed,2,Chennai,true,fair,regional_delivery|construction|industrial_goods,https://smalltrucks.tatamotors.com/sites/default/files/product/brochure/Intra_V50%20Brochure%20Low%20res.pdf
VEH-000576,Ashok Leyland,Bada Dost i6,2014,290000,374105,Diesel,2357,4100,pickup,light,open,2,Mumbai,true,excellent,heavy_delivery|construction|regional_delivery,https://www.ashokleyland.com/in/lightvehicles/smallcommercialvechicles/bada-dost-i6-lx/specification
VEH-000577,Tata,Ace Gold,2020,275000,138503,CNG,660,1630,mini_truck,light,box,2,Mumbai,true,good,city_delivery|last_mile|fmcg|vegetable_delivery,https://smalltrucks.tatamotors.com/assets/smalltrucks/files/2025-01/ACE%20GOLD%20CNG.pdf
VEH-000578,BharatBenz,1917R,2025,2605000,32761,Diesel,10000,18500,rigid_truck,medium,tanker,2,Mumbai,true,good,regional_delivery|fuel_transport|water_transport|industrial_goods,https://www.bharatbenz.com/trucks/mdt-specifications-1917r-73
VEH-000579,Ashok Leyland,Bada Dost,2014,220000,151118,CNG,1246,2880,mini_truck,light,reefer,2,Indore,true,good,city_delivery|fmcg|regional_delivery,https://www.ashokleyland.com/in/lightvehicles/smallcommercialvechicles/bada-dost-cng/specification
VEH-000580,Tata,Ultra T.9,2022,935000,79298,Diesel,,9150,rigid_truck,intermediate,open,2,Mumbai,true,good,regional_delivery|ecommerce|fmcg|industrial_goods,https://trucks.tatamotors.com/ultra/tata-ultra-t9
VEH-000581,Mahindra,Bolero Pik-Up,2021,520000,51198,Diesel,1700,3490,pickup,light,open,2,Kolkata,true,good,regional_delivery|agriculture|construction,https://auto.mahindra.com/on/demandware.static/-/Sites-amc-Library/en_IN/-/media/project/mahindra/dotcom/mahindra/in-news---home/pr/brochure/1st.pdf
VEH-000582,Mahindra,Bolero Pik-Up,2015,230000,249268,Diesel,1700,3490,pickup,light,open,2,Delhi,true,good,regional_delivery|agriculture|construction,https://auto.mahindra.com/on/demandware.static/-/Sites-amc-Library/en_IN/-/media/project/mahindra/dotcom/mahindra/in-news---home/pr/brochure/1st.pdf
VEH-000583,Eicher,Pro 6028TM,2015,1115000,234953,Diesel,16500,28000,rigid_truck,heavy,tipper,3,Pune,true,good,construction|concrete|infrastructure|roadwork,https://www.eichertrucksandbuses.com/heavy-duty-trucks/tipper/pro-6028tm-224kw
VEH-000584,Tata,Ultra T.9,2021,955000,84244,Diesel,,9150,rigid_truck,intermediate,open,2,Bengaluru,true,good,regional_delivery|ecommerce|fmcg|industrial_goods,https://trucks.tatamotors.com/ultra/tata-ultra-t9
VEH-000585,Tata,Intra V30 Gold,2022,400000,114141,Diesel,1500,2775,pickup,light,open,2,Mumbai,true,fair,regional_delivery|construction|logistics,https://smalltrucks.tatamotors.com/tata-intra-v30-gold
VEH-000586,Mahindra,Blazo X 48,2021,2555000,38939,Diesel,32000,47500,rigid_truck,heavy,tipper,5,Ahmedabad,true,fair,mining|construction|coal|aggregates,https://www.mahindratruckandbus.com/english/pdf/hcv/blazo_48_tipper.pdf
VEH-000587,Tata,Ultra T.16,2022,1295000,104825,Diesel,11000,16140,rigid_truck,medium,container,2,Chennai,true,good,regional_delivery|ecommerce|fmcg|industrial_goods,https://trucks.tatamotors.com/ultra/tata-ultra-t16
VEH-000588,Tata,Ultra T.16,2019,860000,228238,Diesel,11000,16140,rigid_truck,medium,container,2,Mumbai,true,good,regional_delivery|ecommerce|fmcg|industrial_goods,https://trucks.tatamotors.com/ultra/tata-ultra-t16
VEH-000589,Eicher,Pro 2118,2025,2470000,25032,Diesel,12800,18000,rigid_truck,medium,flatbed,2,Pune,false,excellent,regional_delivery|construction|industrial_goods|market_transport,https://www.eichertrucksandbuses.com/light-medium-duty-trucks/medium-duty/pro-2118
VEH-000590,Tata,Ultra T.16,2025,2065000,20814,Diesel,11000,16140,rigid_truck,medium,container,2,Bengaluru,false,good,regional_delivery|ecommerce|fmcg|industrial_goods,https://trucks.tatamotors.com/ultra/tata-ultra-t16
VEH-000591,Mahindra,Jeeto Strong Diesel,2018,180000,223999,Diesel,815,1605,mini_truck,light,box,2,Bengaluru,false,excellent,city_delivery|last_mile|vegetable_delivery,https://mahindralastmilemobility.com/jeeto-strong-diesel-cargo
VEH-000592,Tata,Intra V30 Gold,2017,235000,148444,Diesel,1500,2775,pickup,light,open,2,Pune,true,good,regional_delivery|construction|logistics,https://smalltrucks.tatamotors.com/tata-intra-v30-gold
VEH-000593,Tata,Ultra T.16,2017,770000,177265,Diesel,11000,16140,rigid_truck,medium,container,2,Jaipur,true,good,regional_delivery|ecommerce|fmcg|industrial_goods,https://trucks.tatamotors.com/ultra/tata-ultra-t16
VEH-000594,Ashok Leyland,Bada Dost,2021,420000,63553,CNG,1246,2880,mini_truck,light,reefer,2,Mumbai,true,fair,city_delivery|fmcg|regional_delivery,https://www.ashokleyland.com/in/lightvehicles/smallcommercialvechicles/bada-dost-cng/specification
VEH-000595,Ashok Leyland,AVTR 4825 10x2,2019,2105000,115182,Diesel,32000,47500,rigid_truck,heavy,tipper,5,Hyderabad,true,good,construction|coal|aggregates|roadwork,https://www.ashokleyland.com/in/pressrelease/ashok-leyland-launches-avtr-4825-10x2-tipper-with-tandem-dummy-axle
VEH-000596,Ashok Leyland,Bada Dost i5+,2023,625000,82794,Diesel,2114,3800,pickup,light,flatbed,2,Pune,true,fair,heavy_delivery|construction|industrial_goods,https://www.ashokleyland.com/in/lightvehicles/smallcommercialvechicles/bada-dost-i5-lx-2/specification
VEH-000597,Ashok Leyland,Partner 6 Tyre,2019,505000,191350,Diesel,4885,7490,rigid_truck,intermediate,open,2,Pune,true,fair,city_delivery|regional_delivery|logistics|industrial_goods,https://www.ashokleyland.com/in/lightvehicles/smallcommercialvechicles/partner/specification?productId=1645
VEH-000598,Tata,Signa 4932.T,2023,4005000,64595,Diesel,35300,49000,rigid_truck,heavy,flatbed,5,Pune,false,excellent,long_haul|industrial_goods|steel|market_transport,https://trucks.tatamotors.com/assets/trucks/files/2026-01/tata-signa-4932t.pdf
VEH-000599,Eicher,Pro 6048T,2018,1700000,315727,Diesel,32500,47500,rigid_truck,heavy,tipper,5,Pune,true,fair,mining|construction|coal|aggregates,https://www.eichertrucksandbuses.com/heavy-duty-trucks/tipper/pro-6048T
VEH-000600,Tata,Intra V10,2025,630000,40997,Diesel,1000,2120,mini_truck,light,flatbed,2,Hyderabad,true,good,city_delivery|market_transport|logistics,https://smalltruckstest.tatamotors.com/tata-intra-v10
VEH-000601,Tata,Ace Gold,2020,295000,69609,CNG,660,1630,mini_truck,light,box,2,Hyderabad,true,good,city_delivery|last_mile|fmcg|vegetable_delivery,https://smalltrucks.tatamotors.com/assets/smalltrucks/files/2025-01/ACE%20GOLD%20CNG.pdf
VEH-000602,Mahindra,Bolero Pik-Up,2018,300000,154103,Diesel,1700,3490,pickup,light,open,2,Kolkata,true,excellent,regional_delivery|agriculture|construction,https://auto.mahindra.com/on/demandware.static/-/Sites-amc-Library/en_IN/-/media/project/mahindra/dotcom/mahindra/in-news---home/pr/brochure/1st.pdf
VEH-000603,Mahindra,Bolero Pik-Up,2022,445000,140377,Diesel,1700,3490,pickup,light,open,2,Delhi,false,good,regional_delivery|agriculture|construction,https://auto.mahindra.com/on/demandware.static/-/Sites-amc-Library/en_IN/-/media/project/mahindra/dotcom/mahindra/in-news---home/pr/brochure/1st.pdf
VEH-000604,Ashok Leyland,Bada Dost i4,2018,310000,222921,Diesel,1825,3490,pickup,light,container,2,Bengaluru,true,good,regional_delivery|construction|logistics,https://www.ashokleyland.com/in/lightvehicles/smallcommercialvechicles/bada-dost-i41/specification
VEH-000605,Eicher,Pro 2118,2014,560000,207443,Diesel,12800,18000,rigid_truck,medium,flatbed,2,Ahmedabad,true,fair,regional_delivery|construction|industrial_goods|market_transport,https://www.eichertrucksandbuses.com/light-medium-duty-trucks/medium-duty/pro-2118
VEH-000606,Tata,Ultra T.16,2017,630000,101715,Diesel,11000,16140,rigid_truck,medium,container,2,Indore,true,fair,regional_delivery|ecommerce|fmcg|industrial_goods,https://trucks.tatamotors.com/ultra/tata-ultra-t16
VEH-000607,Ashok Leyland,Bada Dost i6,2025,970000,24794,Diesel,2357,4100,pickup,light,open,2,Delhi,true,fair,heavy_delivery|construction|regional_delivery,https://www.ashokleyland.com/in/lightvehicles/smallcommercialvechicles/bada-dost-i6-lx/specification
VEH-000608,Eicher,Pro 6048T,2018,1775000,103466,Diesel,32500,47500,rigid_truck,heavy,tipper,5,Ahmedabad,true,good,mining|construction|coal|aggregates,https://www.eichertrucksandbuses.com/heavy-duty-trucks/tipper/pro-6048T
VEH-000609,BharatBenz,4828RT,2024,4365000,63378,Diesel,36350,47500,rigid_truck,heavy,tipper,5,Jaipur,true,excellent,mining|construction|coal|aggregates,https://www.bharatbenz.com/uploads/truck_brochure/4828rt_74.pdf
VEH-000610,Mahindra,Jeeto Strong Diesel,2018,205000,59203,Diesel,815,1605,mini_truck,light,box,2,Delhi,true,good,city_delivery|last_mile|vegetable_delivery,https://mahindralastmilemobility.com/jeeto-strong-diesel-cargo
VEH-000611,Ashok Leyland,Bada Dost i6,2015,265000,395504,Diesel,2357,4100,pickup,light,open,2,Mumbai,true,good,heavy_delivery|construction|regional_delivery,https://www.ashokleyland.com/in/lightvehicles/smallcommercialvechicles/bada-dost-i6-lx/specification
VEH-000612,Ashok Leyland,Bada Dost,2014,180000,275041,CNG,1246,2880,mini_truck,light,reefer,2,Delhi,true,fair,city_delivery|fmcg|regional_delivery,https://www.ashokleyland.com/in/lightvehicles/smallcommercialvechicles/bada-dost-cng/specification
VEH-000613,Tata,Intra V10,2020,250000,188732,Diesel,1000,2120,mini_truck,light,flatbed,2,Delhi,true,fair,city_delivery|market_transport|logistics,https://smalltruckstest.tatamotors.com/tata-intra-v10
VEH-000614,Tata,Intra V50,2021,420000,181065,Diesel,1500,2940,pickup,light,flatbed,2,Mumbai,true,good,regional_delivery|construction|industrial_goods,https://smalltrucks.tatamotors.com/sites/default/files/product/brochure/Intra_V50%20Brochure%20Low%20res.pdf
VEH-000615,Ashok Leyland,Bada Dost i4,2021,480000,41131,Diesel,1825,3490,pickup,light,container,2,Mumbai,false,fair,regional_delivery|construction|logistics,https://www.ashokleyland.com/in/lightvehicles/smallcommercialvechicles/bada-dost-i41/specification
VEH-000616,Ashok Leyland,Bada Dost i4,2015,240000,253466,Diesel,1825,3490,pickup,light,container,2,Mumbai,false,good,regional_delivery|construction|logistics,https://www.ashokleyland.com/in/lightvehicles/smallcommercialvechicles/bada-dost-i41/specification
VEH-000617,Ashok Leyland,Bada Dost i5+,2017,315000,364898,Diesel,2114,3800,pickup,light,flatbed,2,Chennai,true,excellent,heavy_delivery|construction|industrial_goods,https://www.ashokleyland.com/in/lightvehicles/smallcommercialvechicles/bada-dost-i5-lx-2/specification
VEH-000618,Eicher,Pro 6048T,2020,2540000,50527,Diesel,32500,47500,rigid_truck,heavy,tipper,5,Chennai,true,good,mining|construction|coal|aggregates,https://www.eichertrucksandbuses.com/heavy-duty-trucks/tipper/pro-6048T
VEH-000619,BharatBenz,1917R,2016,765000,348487,Diesel,10000,18500,rigid_truck,medium,tanker,2,Pune,true,fair,regional_delivery|fuel_transport|water_transport|industrial_goods,https://www.bharatbenz.com/trucks/mdt-specifications-1917r-73
VEH-000620,Eicher,Pro 6028TM,2020,1775000,142118,Diesel,16500,28000,rigid_truck,heavy,tipper,3,Mumbai,true,fair,construction|concrete|infrastructure|roadwork,https://www.eichertrucksandbuses.com/heavy-duty-trucks/tipper/pro-6028tm-224kw
VEH-000621,Tata,Intra V50,2020,350000,145081,Diesel,1500,2940,pickup,light,flatbed,2,Mumbai,true,good,regional_delivery|construction|industrial_goods,https://smalltrucks.tatamotors.com/sites/default/files/product/brochure/Intra_V50%20Brochure%20Low%20res.pdf
VEH-000622,BharatBenz,3528C,2024,3865000,53039,Diesel,20600,35000,rigid_truck,heavy,tipper,4,Chennai,true,good,mining|construction|infrastructure|aggregates,https://www.bharatbenz.com/uploads/truck_brochure/3528c-truck.pdf
VEH-000623,Eicher,Pro 6048T,2017,1530000,301416,Diesel,32500,47500,rigid_truck,heavy,tipper,5,Hyderabad,true,good,mining|construction|coal|aggregates,https://www.eichertrucksandbuses.com/heavy-duty-trucks/tipper/pro-6048T
VEH-000624,Eicher,Pro 2118,2023,1660000,72693,Diesel,12800,18000,rigid_truck,medium,flatbed,2,Mumbai,true,good,regional_delivery|construction|industrial_goods|market_transport,https://www.eichertrucksandbuses.com/light-medium-duty-trucks/medium-duty/pro-2118
VEH-000625,Ashok Leyland,AVTR 4825 10x2,2016,1560000,206582,Diesel,32000,47500,rigid_truck,heavy,tipper,5,Hyderabad,true,good,construction|coal|aggregates|roadwork,https://www.ashokleyland.com/in/pressrelease/ashok-leyland-launches-avtr-4825-10x2-tipper-with-tandem-dummy-axle
VEH-000626,Tata,Intra V50,2021,415000,132846,Diesel,1500,2940,pickup,light,flatbed,2,Kolkata,true,good,regional_delivery|construction|industrial_goods,https://smalltrucks.tatamotors.com/sites/default/files/product/brochure/Intra_V50%20Brochure%20Low%20res.pdf
VEH-000627,Mahindra,Bolero Pik-Up,2014,215000,338245,Diesel,1700,3490,pickup,light,open,2,Pune,true,excellent,regional_delivery|agriculture|construction,https://auto.mahindra.com/on/demandware.static/-/Sites-amc-Library/en_IN/-/media/project/mahindra/dotcom/mahindra/in-news---home/pr/brochure/1st.pdf
VEH-000628,Eicher,Pro 2118,2025,2505000,23846,Diesel,12800,18000,rigid_truck,medium,flatbed,2,Jaipur,false,excellent,regional_delivery|construction|industrial_goods|market_transport,https://www.eichertrucksandbuses.com/light-medium-duty-trucks/medium-duty/pro-2118
VEH-000629,BharatBenz,1015R,2014,515000,137794,Diesel,,10600,rigid_truck,intermediate,box,2,Pune,true,good,regional_delivery|fmcg|cold_chain|market_transport,https://www.bharatbenz.com/trucks/mdt-specifications-1015r-41
VEH-000630,Ashok Leyland,Bada Dost i5+,2020,360000,247893,Diesel,2114,3800,pickup,light,flatbed,2,Delhi,false,fair,heavy_delivery|construction|industrial_goods,https://www.ashokleyland.com/in/lightvehicles/smallcommercialvechicles/bada-dost-i5-lx-2/specification
VEH-000631,Mahindra,Bolero Pik-Up,2015,220000,328612,Diesel,1700,3490,pickup,light,open,2,Hyderabad,false,good,regional_delivery|agriculture|construction,https://auto.mahindra.com/on/demandware.static/-/Sites-amc-Library/en_IN/-/media/project/mahindra/dotcom/mahindra/in-news---home/pr/brochure/1st.pdf
VEH-000632,Eicher,Pro 6028TM,2014,1295000,96043,Diesel,16500,28000,rigid_truck,heavy,tipper,3,Bengaluru,false,excellent,construction|concrete|infrastructure|roadwork,https://www.eichertrucksandbuses.com/heavy-duty-trucks/tipper/pro-6028tm-224kw
VEH-000633,Ashok Leyland,Bada Dost,2021,435000,55355,CNG,1246,2880,mini_truck,light,reefer,2,Nagpur,true,fair,city_delivery|fmcg|regional_delivery,https://www.ashokleyland.com/in/lightvehicles/smallcommercialvechicles/bada-dost-cng/specification
VEH-000634,Ashok Leyland,Dost XL,2017,240000,99242,Diesel,1400,2625,mini_truck,light,flatbed,2,Ahmedabad,true,fair,city_delivery|regional_delivery|logistics,https://www.ashokleyland.com/in/lightvehicles/smallcommercialvechicles/dost-xl/specification
VEH-000635,Tata,Ace Gold,2017,190000,338469,Diesel,900,1835,mini_truck,light,open,2,Bengaluru,false,good,city_delivery|logistics|construction,https://smalltrucks.tatamotors.com/tata-ace-gold-diesel
VEH-000636,Tata,Intra V50,2025,660000,35824,Diesel,1500,2940,pickup,light,flatbed,2,Jaipur,true,fair,regional_delivery|construction|industrial_goods,https://smalltrucks.tatamotors.com/sites/default/files/product/brochure/Intra_V50%20Brochure%20Low%20res.pdf
VEH-000637,Eicher,Pro 6048T,2025,4515000,30404,Diesel,32500,47500,rigid_truck,heavy,tipper,5,Delhi,true,good,mining|construction|coal|aggregates,https://www.eichertrucksandbuses.com/heavy-duty-trucks/tipper/pro-6048T
VEH-000638,BharatBenz,1015R,2015,525000,115581,Diesel,,10600,rigid_truck,intermediate,box,2,Indore,true,excellent,regional_delivery|fmcg|cold_chain|market_transport,https://www.bharatbenz.com/trucks/mdt-specifications-1015r-41
VEH-000639,Ashok Leyland,Bada Dost,2020,390000,141847,CNG,1246,2880,mini_truck,light,reefer,2,Pune,true,excellent,city_delivery|fmcg|regional_delivery,https://www.ashokleyland.com/in/lightvehicles/smallcommercialvechicles/bada-dost-cng/specification
VEH-000640,Ashok Leyland,Bada Dost i4,2020,415000,149931,Diesel,1825,3490,pickup,light,container,2,Chennai,true,excellent,regional_delivery|construction|logistics,https://www.ashokleyland.com/in/lightvehicles/smallcommercialvechicles/bada-dost-i41/specification
VEH-000641,Mahindra,Bolero Pik-Up,2019,320000,106979,Diesel,1700,3490,pickup,light,open,2,Chennai,true,fair,regional_delivery|agriculture|construction,https://auto.mahindra.com/on/demandware.static/-/Sites-amc-Library/en_IN/-/media/project/mahindra/dotcom/mahindra/in-news---home/pr/brochure/1st.pdf
VEH-000642,Mahindra,Jeeto Strong Diesel,2022,210000,141647,Diesel,815,1605,mini_truck,light,box,2,Nagpur,true,fair,city_delivery|last_mile|vegetable_delivery,https://mahindralastmilemobility.com/jeeto-strong-diesel-cargo
VEH-000643,Tata,Ultra T.9,2014,415000,223719,Diesel,,9150,rigid_truck,intermediate,open,2,Kolkata,true,good,regional_delivery|ecommerce|fmcg|industrial_goods,https://trucks.tatamotors.com/ultra/tata-ultra-t9
VEH-000644,Mahindra,Blazo X 48,2016,1485000,198518,Diesel,32000,47500,rigid_truck,heavy,tipper,5,Chennai,true,good,mining|construction|coal|aggregates,https://www.mahindratruckandbus.com/english/pdf/hcv/blazo_48_tipper.pdf
VEH-000645,BharatBenz,4828RT,2018,2320000,56296,Diesel,36350,47500,rigid_truck,heavy,tipper,5,Surat,true,excellent,mining|construction|coal|aggregates,https://www.bharatbenz.com/uploads/truck_brochure/4828rt_74.pdf
VEH-000646,Ashok Leyland,Bada Dost i4,2023,590000,59253,Diesel,1825,3490,pickup,light,container,2,Pune,true,fair,regional_delivery|construction|logistics,https://www.ashokleyland.com/in/lightvehicles/smallcommercialvechicles/bada-dost-i41/specification
VEH-000647,BharatBenz,3528C,2018,1580000,176717,Diesel,20600,35000,rigid_truck,heavy,tipper,4,Delhi,true,good,mining|construction|infrastructure|aggregates,https://www.bharatbenz.com/uploads/truck_brochure/3528c-truck.pdf
VEH-000648,Tata,Intra V30 Gold,2014,170000,317063,Diesel,1500,2775,pickup,light,open,2,Pune,true,fair,regional_delivery|construction|logistics,https://smalltrucks.tatamotors.com/tata-intra-v30-gold
VEH-000649,Ashok Leyland,Bada Dost i5+,2024,750000,78339,Diesel,2114,3800,pickup,light,flatbed,2,Hyderabad,true,good,heavy_delivery|construction|industrial_goods,https://www.ashokleyland.com/in/lightvehicles/smallcommercialvechicles/bada-dost-i5-lx-2/specification
VEH-000650,BharatBenz,1015R,2023,1370000,66651,Diesel,,10600,rigid_truck,intermediate,box,2,Surat,true,excellent,regional_delivery|fmcg|cold_chain|market_transport,https://www.bharatbenz.com/trucks/mdt-specifications-1015r-41
VEH-000651,Ashok Leyland,Dost XL,2015,190000,254484,Diesel,1400,2625,mini_truck,light,flatbed,2,Hyderabad,true,good,city_delivery|regional_delivery|logistics,https://www.ashokleyland.com/in/lightvehicles/smallcommercialvechicles/dost-xl/specification
VEH-000652,Mahindra,Blazo X 48,2015,1320000,138445,Diesel,32000,47500,rigid_truck,heavy,tipper,5,Bengaluru,true,good,mining|construction|coal|aggregates,https://www.mahindratruckandbus.com/english/pdf/hcv/blazo_48_tipper.pdf
VEH-000653,Eicher,Pro 6048T,2016,1570000,410594,Diesel,32500,47500,rigid_truck,heavy,tipper,5,Bengaluru,false,good,mining|construction|coal|aggregates,https://www.eichertrucksandbuses.com/heavy-duty-trucks/tipper/pro-6048T
VEH-000654,Tata,Ace Gold,2016,215000,87267,Diesel,900,1835,mini_truck,light,open,2,Surat,true,good,city_delivery|logistics|construction,https://smalltrucks.tatamotors.com/tata-ace-gold-diesel
VEH-000655,Tata,Signa 4825.TK,2025,4170000,31978,Diesel,38000,47500,rigid_truck,heavy,tipper,5,Pune,true,fair,mining|construction|coal|aggregates,https://www.tatamotors.com/press-releases/tata-motors-introduces-indias-largest-tipper-truck-the-signa-4825-tk/
VEH-000656,Ashok Leyland,Bada Dost i4,2019,350000,181275,Diesel,1825,3490,pickup,light,container,2,Ahmedabad,true,good,regional_delivery|construction|logistics,https://www.ashokleyland.com/in/lightvehicles/smallcommercialvechicles/bada-dost-i41/specification
VEH-000657,Ashok Leyland,Partner 6 Tyre,2017,430000,217247,Diesel,4885,7490,rigid_truck,intermediate,open,2,Pune,false,good,city_delivery|regional_delivery|logistics|industrial_goods,https://www.ashokleyland.com/in/lightvehicles/smallcommercialvechicles/partner/specification?productId=1645
VEH-000658,Tata,Ace Gold,2024,480000,44328,CNG,660,1630,mini_truck,light,box,2,Bengaluru,false,good,city_delivery|last_mile|fmcg|vegetable_delivery,https://smalltrucks.tatamotors.com/assets/smalltrucks/files/2025-01/ACE%20GOLD%20CNG.pdf
VEH-000659,Ashok Leyland,Bada Dost i5+,2019,420000,192205,Diesel,2114,3800,pickup,light,flatbed,2,Hyderabad,true,good,heavy_delivery|construction|industrial_goods,https://www.ashokleyland.com/in/lightvehicles/smallcommercialvechicles/bada-dost-i5-lx-2/specification
VEH-000660,Ashok Leyland,Dost XL,2019,285000,118639,Diesel,1400,2625,mini_truck,light,flatbed,2,Ahmedabad,true,good,city_delivery|regional_delivery|logistics,https://www.ashokleyland.com/in/lightvehicles/smallcommercialvechicles/dost-xl/specification
VEH-000661,Eicher,Pro 2118,2019,975000,188192,Diesel,12800,18000,rigid_truck,medium,flatbed,2,Ahmedabad,true,excellent,regional_delivery|construction|industrial_goods|market_transport,https://www.eichertrucksandbuses.com/light-medium-duty-trucks/medium-duty/pro-2118
VEH-000662,Tata,Ultra T.9,2023,980000,106854,Diesel,,9150,rigid_truck,intermediate,open,2,Kolkata,true,fair,regional_delivery|ecommerce|fmcg|industrial_goods,https://trucks.tatamotors.com/ultra/tata-ultra-t9
VEH-000663,Ashok Leyland,Bada Dost i4,2024,815000,31628,Diesel,1825,3490,pickup,light,container,2,Mumbai,true,good,regional_delivery|construction|logistics,https://www.ashokleyland.com/in/lightvehicles/smallcommercialvechicles/bada-dost-i41/specification
VEH-000664,Eicher,Pro 6048T,2016,1380000,116922,Diesel,32500,47500,rigid_truck,heavy,tipper,5,Bengaluru,false,good,mining|construction|coal|aggregates,https://www.eichertrucksandbuses.com/heavy-duty-trucks/tipper/pro-6048T
VEH-000665,Eicher,Pro 2059 Plus,2019,425000,168485,Diesel,,7490,rigid_truck,intermediate,open,2,Mumbai,false,fair,city_delivery|last_mile|ecommerce|fmcg,https://www.eichertrucksandbuses.com/light-medium-duty-trucks/light-duty/pro-2059
VEH-000666,BharatBenz,1917R,2016,795000,129082,Diesel,10000,18500,rigid_truck,medium,tanker,2,Mumbai,false,good,regional_delivery|fuel_transport|water_transport|industrial_goods,https://www.bharatbenz.com/trucks/mdt-specifications-1917r-73
VEH-000667,Tata,Signa 4825.TK,2021,3035000,94491,Diesel,38000,47500,rigid_truck,heavy,tipper,5,Pune,true,good,mining|construction|coal|aggregates,https://www.tatamotors.com/press-releases/tata-motors-introduces-indias-largest-tipper-truck-the-signa-4825-tk/
VEH-000668,Tata,Intra V50,2025,840000,26022,Diesel,1500,2940,pickup,light,flatbed,2,Delhi,true,excellent,regional_delivery|construction|industrial_goods,https://smalltrucks.tatamotors.com/sites/default/files/product/brochure/Intra_V50%20Brochure%20Low%20res.pdf
VEH-000669,Eicher,Pro 6048T,2014,1175000,187443,Diesel,32500,47500,rigid_truck,heavy,tipper,5,Pune,true,fair,mining|construction|coal|aggregates,https://www.eichertrucksandbuses.com/heavy-duty-trucks/tipper/pro-6048T
VEH-000670,Tata,Intra V10,2018,205000,325821,Diesel,1000,2120,mini_truck,light,flatbed,2,Bengaluru,true,fair,city_delivery|market_transport|logistics,https://smalltruckstest.tatamotors.com/tata-intra-v10
VEH-000671,Ashok Leyland,Bada Dost i6,2020,460000,62853,Diesel,2357,4100,pickup,light,open,2,Delhi,true,fair,heavy_delivery|construction|regional_delivery,https://www.ashokleyland.com/in/lightvehicles/smallcommercialvechicles/bada-dost-i6-lx/specification
VEH-000672,Ashok Leyland,Bada Dost i6,2017,345000,132435,Diesel,2357,4100,pickup,light,open,2,Delhi,false,good,heavy_delivery|construction|regional_delivery,https://www.ashokleyland.com/in/lightvehicles/smallcommercialvechicles/bada-dost-i6-lx/specification
VEH-000673,Ashok Leyland,Dost XL,2019,325000,192121,Diesel,1400,2625,mini_truck,light,flatbed,2,Mumbai,true,good,city_delivery|regional_delivery|logistics,https://www.ashokleyland.com/in/lightvehicles/smallcommercialvechicles/dost-xl/specification
VEH-000674,Mahindra,Bolero Pik-Up,2016,240000,346277,Diesel,1700,3490,pickup,light,open,2,Mumbai,true,good,regional_delivery|agriculture|construction,https://auto.mahindra.com/on/demandware.static/-/Sites-amc-Library/en_IN/-/media/project/mahindra/dotcom/mahindra/in-news---home/pr/brochure/1st.pdf
VEH-000675,Ashok Leyland,Bada Dost i5+,2014,235000,213461,Diesel,2114,3800,pickup,light,flatbed,2,Pune,true,good,heavy_delivery|construction|industrial_goods,https://www.ashokleyland.com/in/lightvehicles/smallcommercialvechicles/bada-dost-i5-lx-2/specification
VEH-000676,Ashok Leyland,Bada Dost,2025,800000,22661,CNG,1246,2880,mini_truck,light,reefer,2,Ahmedabad,true,excellent,city_delivery|fmcg|regional_delivery,https://www.ashokleyland.com/in/lightvehicles/smallcommercialvechicles/bada-dost-cng/specification
VEH-000677,Ashok Leyland,Bada Dost i6,2021,600000,68798,Diesel,2357,4100,pickup,light,open,2,Nagpur,true,excellent,heavy_delivery|construction|regional_delivery,https://www.ashokleyland.com/in/lightvehicles/smallcommercialvechicles/bada-dost-i6-lx/specification
VEH-000678,Tata,Signa 4932.T,2014,1475000,113563,Diesel,35300,49000,rigid_truck,heavy,flatbed,5,Kolkata,true,good,long_haul|industrial_goods|steel|market_transport,https://trucks.tatamotors.com/assets/trucks/files/2026-01/tata-signa-4932t.pdf
VEH-000679,Mahindra,Blazo X 48,2024,4095000,51866,Diesel,32000,47500,rigid_truck,heavy,tipper,5,Mumbai,true,good,mining|construction|coal|aggregates,https://www.mahindratruckandbus.com/english/pdf/hcv/blazo_48_tipper.pdf
VEH-000680,Eicher,Pro 6048XP,2014,1130000,406876,Diesel,34000,47500,rigid_truck,heavy,flatbed,5,Mumbai,true,good,long_haul|industrial_goods|steel|market_transport,https://www.eichertrucksandbuses.com/heavy-duty-trucks/haulage/pro-6048xp
VEH-000681,Mahindra,Jeeto Strong Diesel,2025,450000,20210,Diesel,815,1605,mini_truck,light,box,2,Ahmedabad,false,good,city_delivery|last_mile|vegetable_delivery,https://mahindralastmilemobility.com/jeeto-strong-diesel-cargo
VEH-000682,Tata,Ultra T.16,2015,580000,213400,Diesel,11000,16140,rigid_truck,medium,container,2,Hyderabad,true,good,regional_delivery|ecommerce|fmcg|industrial_goods,https://trucks.tatamotors.com/ultra/tata-ultra-t16
VEH-000683,Tata,Intra V50,2024,700000,14379,Diesel,1500,2940,pickup,light,flatbed,2,Bengaluru,false,good,regional_delivery|construction|industrial_goods,https://smalltrucks.tatamotors.com/sites/default/files/product/brochure/Intra_V50%20Brochure%20Low%20res.pdf
VEH-000684,Ashok Leyland,Bada Dost i5+,2025,1000000,9999,Diesel,2114,3800,pickup,light,flatbed,2,Jaipur,true,good,heavy_delivery|construction|industrial_goods,https://www.ashokleyland.com/in/lightvehicles/smallcommercialvechicles/bada-dost-i5-lx-2/specification
VEH-000685,BharatBenz,1015R,2018,745000,169737,Diesel,,10600,rigid_truck,intermediate,box,2,Mumbai,true,good,regional_delivery|fmcg|cold_chain|market_transport,https://www.bharatbenz.com/trucks/mdt-specifications-1015r-41
VEH-000686,Ashok Leyland,Bada Dost i6,2018,355000,98987,Diesel,2357,4100,pickup,light,open,2,Chennai,true,fair,heavy_delivery|construction|regional_delivery,https://www.ashokleyland.com/in/lightvehicles/smallcommercialvechicles/bada-dost-i6-lx/specification
VEH-000687,BharatBenz,1917R,2024,1955000,40633,Diesel,10000,18500,rigid_truck,medium,tanker,2,Bengaluru,true,fair,regional_delivery|fuel_transport|water_transport|industrial_goods,https://www.bharatbenz.com/trucks/mdt-specifications-1917r-73
VEH-000688,Tata,Ultra T.16,2017,745000,103132,Diesel,11000,16140,rigid_truck,medium,container,2,Bengaluru,true,good,regional_delivery|ecommerce|fmcg|industrial_goods,https://trucks.tatamotors.com/ultra/tata-ultra-t16
VEH-000689,Eicher,Pro 2118,2024,1960000,55687,Diesel,12800,18000,rigid_truck,medium,flatbed,2,Mumbai,false,excellent,regional_delivery|construction|industrial_goods|market_transport,https://www.eichertrucksandbuses.com/light-medium-duty-trucks/medium-duty/pro-2118
VEH-000690,Mahindra,Bolero Pik-Up,2024,665000,69329,Diesel,1700,3490,pickup,light,open,2,Surat,true,good,regional_delivery|agriculture|construction,https://auto.mahindra.com/on/demandware.static/-/Sites-amc-Library/en_IN/-/media/project/mahindra/dotcom/mahindra/in-news---home/pr/brochure/1st.pdf
VEH-000691,Tata,Signa 4825.TK,2020,2800000,54227,Diesel,38000,47500,rigid_truck,heavy,tipper,5,Delhi,true,good,mining|construction|coal|aggregates,https://www.tatamotors.com/press-releases/tata-motors-introduces-indias-largest-tipper-truck-the-signa-4825-tk/
VEH-000692,Mahindra,Furio 10,2023,950000,100688,Diesel,6000,10350,rigid_truck,intermediate,box,2,Delhi,true,fair,regional_delivery|ecommerce|fmcg|parcel_delivery,https://www.mahindratruckandbus.com/english/pdf/icv/furio-10.pdf
VEH-000693,Mahindra,Furio 10,2025,1730000,17557,Diesel,6000,10350,rigid_truck,intermediate,box,2,Mumbai,true,excellent,regional_delivery|ecommerce|fmcg|parcel_delivery,https://www.mahindratruckandbus.com/english/pdf/icv/furio-10.pdf
VEH-000694,BharatBenz,4828RT,2016,1675000,158722,Diesel,36350,47500,rigid_truck,heavy,tipper,5,Mumbai,true,excellent,mining|construction|coal|aggregates,https://www.bharatbenz.com/uploads/truck_brochure/4828rt_74.pdf
VEH-000695,Tata,Ultra T.16,2022,1255000,80718,Diesel,11000,16140,rigid_truck,medium,container,2,Bengaluru,true,fair,regional_delivery|ecommerce|fmcg|industrial_goods,https://trucks.tatamotors.com/ultra/tata-ultra-t16
VEH-000696,BharatBenz,1917R,2023,1860000,64965,Diesel,10000,18500,rigid_truck,medium,tanker,2,Hyderabad,true,fair,regional_delivery|fuel_transport|water_transport|industrial_goods,https://www.bharatbenz.com/trucks/mdt-specifications-1917r-73
VEH-000697,Tata,Intra V10,2019,280000,103821,Diesel,1000,2120,mini_truck,light,flatbed,2,Nagpur,true,good,city_delivery|market_transport|logistics,https://smalltruckstest.tatamotors.com/tata-intra-v10
VEH-000698,Ashok Leyland,Bada Dost i5+,2016,300000,231467,Diesel,2114,3800,pickup,light,flatbed,2,Mumbai,true,excellent,heavy_delivery|construction|industrial_goods,https://www.ashokleyland.com/in/lightvehicles/smallcommercialvechicles/bada-dost-i5-lx-2/specification
VEH-000699,Ashok Leyland,Bada Dost i5+,2016,265000,165724,Diesel,2114,3800,pickup,light,flatbed,2,Chennai,true,fair,heavy_delivery|construction|industrial_goods,https://www.ashokleyland.com/in/lightvehicles/smallcommercialvechicles/bada-dost-i5-lx-2/specification
VEH-000700,BharatBenz,1917R,2018,1120000,149582,Diesel,10000,18500,rigid_truck,medium,tanker,2,Hyderabad,true,excellent,regional_delivery|fuel_transport|water_transport|industrial_goods,https://www.bharatbenz.com/trucks/mdt-specifications-1917r-73
VEH-000701,Tata,Ultra T.16,2015,595000,333287,Diesel,11000,16140,rigid_truck,medium,container,2,Delhi,false,good,regional_delivery|ecommerce|fmcg|industrial_goods,https://trucks.tatamotors.com/ultra/tata-ultra-t16
VEH-000702,Eicher,Pro 6028TM,2017,1260000,190563,Diesel,16500,28000,rigid_truck,heavy,tipper,3,Pune,true,fair,construction|concrete|infrastructure|roadwork,https://www.eichertrucksandbuses.com/heavy-duty-trucks/tipper/pro-6028tm-224kw
VEH-000703,BharatBenz,4828RT,2018,1665000,91466,Diesel,36350,47500,rigid_truck,heavy,tipper,5,Pune,true,fair,mining|construction|coal|aggregates,https://www.bharatbenz.com/uploads/truck_brochure/4828rt_74.pdf
VEH-000704,Ashok Leyland,Bada Dost i4,2018,400000,60448,Diesel,1825,3490,pickup,light,container,2,Delhi,true,excellent,regional_delivery|construction|logistics,https://www.ashokleyland.com/in/lightvehicles/smallcommercialvechicles/bada-dost-i41/specification
VEH-000705,Tata,Ultra T.9,2022,880000,123060,Diesel,,9150,rigid_truck,intermediate,open,2,Kolkata,false,good,regional_delivery|ecommerce|fmcg|industrial_goods,https://trucks.tatamotors.com/ultra/tata-ultra-t9
VEH-000706,Tata,Ace Gold,2020,335000,74132,Diesel,900,1835,mini_truck,light,open,2,Bengaluru,true,good,city_delivery|logistics|construction,https://smalltrucks.tatamotors.com/tata-ace-gold-diesel
VEH-000707,BharatBenz,1015R,2025,1665000,18326,Diesel,,10600,rigid_truck,intermediate,box,2,Bengaluru,true,fair,regional_delivery|fmcg|cold_chain|market_transport,https://www.bharatbenz.com/trucks/mdt-specifications-1015r-41
VEH-000708,BharatBenz,1917R,2020,1525000,85980,Diesel,10000,18500,rigid_truck,medium,tanker,2,Mumbai,true,excellent,regional_delivery|fuel_transport|water_transport|industrial_goods,https://www.bharatbenz.com/trucks/mdt-specifications-1917r-73
VEH-000709,BharatBenz,4828RT,2019,2105000,107663,Diesel,36350,47500,rigid_truck,heavy,tipper,5,Delhi,true,good,mining|construction|coal|aggregates,https://www.bharatbenz.com/uploads/truck_brochure/4828rt_74.pdf
VEH-000710,Mahindra,Blazo X 48,2016,1595000,307469,Diesel,32000,47500,rigid_truck,heavy,tipper,5,Ahmedabad,false,excellent,mining|construction|coal|aggregates,https://www.mahindratruckandbus.com/english/pdf/hcv/blazo_48_tipper.pdf
VEH-000711,BharatBenz,1015R,2021,1130000,47248,Diesel,,10600,rigid_truck,intermediate,box,2,Pune,true,good,regional_delivery|fmcg|cold_chain|market_transport,https://www.bharatbenz.com/trucks/mdt-specifications-1015r-41
VEH-000712,Mahindra,Blazo X 48,2016,1830000,78302,Diesel,32000,47500,rigid_truck,heavy,tipper,5,Kolkata,true,excellent,mining|construction|coal|aggregates,https://www.mahindratruckandbus.com/english/pdf/hcv/blazo_48_tipper.pdf
VEH-000713,Mahindra,Bolero Pik-Up,2018,270000,317420,Diesel,1700,3490,pickup,light,open,2,Delhi,true,fair,regional_delivery|agriculture|construction,https://auto.mahindra.com/on/demandware.static/-/Sites-amc-Library/en_IN/-/media/project/mahindra/dotcom/mahindra/in-news---home/pr/brochure/1st.pdf
VEH-000714,Ashok Leyland,Bada Dost i6,2019,485000,86534,Diesel,2357,4100,pickup,light,open,2,Mumbai,true,good,heavy_delivery|construction|regional_delivery,https://www.ashokleyland.com/in/lightvehicles/smallcommercialvechicles/bada-dost-i6-lx/specification
VEH-000715,Ashok Leyland,Bada Dost i6,2018,405000,239920,Diesel,2357,4100,pickup,light,open,2,Kolkata,false,excellent,heavy_delivery|construction|regional_delivery,https://www.ashokleyland.com/in/lightvehicles/smallcommercialvechicles/bada-dost-i6-lx/specification
VEH-000716,Mahindra,Jeeto Strong Diesel,2015,150000,281387,Diesel,815,1605,mini_truck,light,box,2,Bengaluru,true,excellent,city_delivery|last_mile|vegetable_delivery,https://mahindralastmilemobility.com/jeeto-strong-diesel-cargo
VEH-000717,Eicher,Pro 2059 Plus,2019,445000,202366,Diesel,,7490,rigid_truck,intermediate,open,2,Kolkata,true,fair,city_delivery|last_mile|ecommerce|fmcg,https://www.eichertrucksandbuses.com/light-medium-duty-trucks/light-duty/pro-2059
VEH-000718,Mahindra,Jeeto Strong Diesel,2014,150000,118418,Diesel,815,1605,mini_truck,light,box,2,Mumbai,true,fair,city_delivery|last_mile|vegetable_delivery,https://mahindralastmilemobility.com/jeeto-strong-diesel-cargo
VEH-000719,Tata,Ultra T.9,2020,710000,100551,Diesel,,9150,rigid_truck,intermediate,open,2,Chennai,true,good,regional_delivery|ecommerce|fmcg|industrial_goods,https://trucks.tatamotors.com/ultra/tata-ultra-t9
VEH-000720,Ashok Leyland,AVTR 4825 10x2,2017,1840000,113349,Diesel,32000,47500,rigid_truck,heavy,tipper,5,Jaipur,true,good,construction|coal|aggregates|roadwork,https://www.ashokleyland.com/in/pressrelease/ashok-leyland-launches-avtr-4825-10x2-tipper-with-tandem-dummy-axle
VEH-000721,Ashok Leyland,AVTR 4825 10x2,2020,2325000,140689,Diesel,32000,47500,rigid_truck,heavy,tipper,5,Mumbai,true,good,construction|coal|aggregates|roadwork,https://www.ashokleyland.com/in/pressrelease/ashok-leyland-launches-avtr-4825-10x2-tipper-with-tandem-dummy-axle
VEH-000722,Mahindra,Furio 10,2017,640000,106566,Diesel,6000,10350,rigid_truck,intermediate,box,2,Jaipur,true,good,regional_delivery|ecommerce|fmcg|parcel_delivery,https://www.mahindratruckandbus.com/english/pdf/icv/furio-10.pdf
VEH-000723,Ashok Leyland,Bada Dost i5+,2014,205000,512993,Diesel,2114,3800,pickup,light,flatbed,2,Jaipur,true,fair,heavy_delivery|construction|industrial_goods,https://www.ashokleyland.com/in/lightvehicles/smallcommercialvechicles/bada-dost-i5-lx-2/specification
VEH-000724,Tata,Intra V10,2021,420000,42330,Diesel,1000,2120,mini_truck,light,flatbed,2,Ahmedabad,false,good,city_delivery|market_transport|logistics,https://smalltruckstest.tatamotors.com/tata-intra-v10
VEH-000725,Tata,Ultra T.9,2021,750000,133659,Diesel,,9150,rigid_truck,intermediate,open,2,Pune,true,good,regional_delivery|ecommerce|fmcg|industrial_goods,https://trucks.tatamotors.com/ultra/tata-ultra-t9
VEH-000726,Eicher,Pro 2118,2022,1600000,30629,Diesel,12800,18000,rigid_truck,medium,flatbed,2,Ahmedabad,true,fair,regional_delivery|construction|industrial_goods|market_transport,https://www.eichertrucksandbuses.com/light-medium-duty-trucks/medium-duty/pro-2118
VEH-000727,Eicher,Pro 2059 Plus,2018,455000,237750,Diesel,,7490,rigid_truck,intermediate,open,2,Bengaluru,true,good,city_delivery|last_mile|ecommerce|fmcg,https://www.eichertrucksandbuses.com/light-medium-duty-trucks/light-duty/pro-2059
VEH-000728,Eicher,Pro 6048T,2023,3605000,89396,Diesel,32500,47500,rigid_truck,heavy,tipper,5,Kolkata,true,good,mining|construction|coal|aggregates,https://www.eichertrucksandbuses.com/heavy-duty-trucks/tipper/pro-6048T
VEH-000729,Ashok Leyland,Dost XL,2023,475000,102798,Diesel,1400,2625,mini_truck,light,flatbed,2,Indore,false,good,city_delivery|regional_delivery|logistics,https://www.ashokleyland.com/in/lightvehicles/smallcommercialvechicles/dost-xl/specification
VEH-000730,BharatBenz,1917R,2023,2215000,34626,Diesel,10000,18500,rigid_truck,medium,tanker,2,Mumbai,true,excellent,regional_delivery|fuel_transport|water_transport|industrial_goods,https://www.bharatbenz.com/trucks/mdt-specifications-1917r-73
VEH-000731,Ashok Leyland,Bada Dost,2014,170000,118706,CNG,1246,2880,mini_truck,light,reefer,2,Bengaluru,false,fair,city_delivery|fmcg|regional_delivery,https://www.ashokleyland.com/in/lightvehicles/smallcommercialvechicles/bada-dost-cng/specification
VEH-000732,Tata,Ultra T.9,2025,1450000,25837,Diesel,,9150,rigid_truck,intermediate,open,2,Nagpur,true,fair,regional_delivery|ecommerce|fmcg|industrial_goods,https://trucks.tatamotors.com/ultra/tata-ultra-t9
VEH-000733,BharatBenz,3528C,2017,1575000,182188,Diesel,20600,35000,rigid_truck,heavy,tipper,4,Indore,true,good,mining|construction|infrastructure|aggregates,https://www.bharatbenz.com/uploads/truck_brochure/3528c-truck.pdf
VEH-000734,Mahindra,Blazo X 48,2016,1480000,383560,Diesel,32000,47500,rigid_truck,heavy,tipper,5,Kolkata,false,good,mining|construction|coal|aggregates,https://www.mahindratruckandbus.com/english/pdf/hcv/blazo_48_tipper.pdf
VEH-000735,Ashok Leyland,Bada Dost,2024,660000,27591,CNG,1246,2880,mini_truck,light,reefer,2,Pune,true,good,city_delivery|fmcg|regional_delivery,https://www.ashokleyland.com/in/lightvehicles/smallcommercialvechicles/bada-dost-cng/specification
VEH-000736,Tata,Ultra T.16,2016,555000,217420,Diesel,11000,16140,rigid_truck,medium,container,2,Mumbai,true,fair,regional_delivery|ecommerce|fmcg|industrial_goods,https://trucks.tatamotors.com/ultra/tata-ultra-t16
VEH-000737,Ashok Leyland,Bada Dost i5+,2024,820000,46924,Diesel,2114,3800,pickup,light,flatbed,2,Ahmedabad,true,good,heavy_delivery|construction|industrial_goods,https://www.ashokleyland.com/in/lightvehicles/smallcommercialvechicles/bada-dost-i5-lx-2/specification
VEH-000738,Eicher,Pro 2118,2023,1555000,111076,Diesel,12800,18000,rigid_truck,medium,flatbed,2,Pune,true,good,regional_delivery|construction|industrial_goods|market_transport,https://www.eichertrucksandbuses.com/light-medium-duty-trucks/medium-duty/pro-2118
VEH-000739,BharatBenz,3528C,2024,4155000,33567,Diesel,20600,35000,rigid_truck,heavy,tipper,4,Surat,true,good,mining|construction|infrastructure|aggregates,https://www.bharatbenz.com/uploads/truck_brochure/3528c-truck.pdf
VEH-000740,Eicher,Pro 6048XP,2014,1115000,212212,Diesel,34000,47500,rigid_truck,heavy,flatbed,5,Delhi,true,good,long_haul|industrial_goods|steel|market_transport,https://www.eichertrucksandbuses.com/heavy-duty-trucks/haulage/pro-6048xp
VEH-000741,Eicher,Pro 6028TM,2024,3525000,61715,Diesel,16500,28000,rigid_truck,heavy,tipper,3,Nagpur,true,excellent,construction|concrete|infrastructure|roadwork,https://www.eichertrucksandbuses.com/heavy-duty-trucks/tipper/pro-6028tm-224kw
VEH-000742,Mahindra,Furio 10,2023,1365000,36743,Diesel,6000,10350,rigid_truck,intermediate,box,2,Mumbai,false,good,regional_delivery|ecommerce|fmcg|parcel_delivery,https://www.mahindratruckandbus.com/english/pdf/icv/furio-10.pdf
VEH-000743,Eicher,Pro 6048T,2018,1890000,235865,Diesel,32500,47500,rigid_truck,heavy,tipper,5,Delhi,true,good,mining|construction|coal|aggregates,https://www.eichertrucksandbuses.com/heavy-duty-trucks/tipper/pro-6048T
VEH-000744,BharatBenz,1917R,2018,945000,103977,Diesel,10000,18500,rigid_truck,medium,tanker,2,Ahmedabad,true,fair,regional_delivery|fuel_transport|water_transport|industrial_goods,https://www.bharatbenz.com/trucks/mdt-specifications-1917r-73
VEH-000745,Tata,Ace Gold,2021,340000,150632,Diesel,900,1835,mini_truck,light,open,2,Hyderabad,true,excellent,city_delivery|logistics|construction,https://smalltrucks.tatamotors.com/tata-ace-gold-diesel
VEH-000746,BharatBenz,4828RT,2014,1320000,338295,Diesel,36350,47500,rigid_truck,heavy,tipper,5,Surat,true,good,mining|construction|coal|aggregates,https://www.bharatbenz.com/uploads/truck_brochure/4828rt_74.pdf
VEH-000747,Mahindra,Jeeto Strong Diesel,2018,170000,200950,Diesel,815,1605,mini_truck,light,box,2,Bengaluru,false,excellent,city_delivery|last_mile|vegetable_delivery,https://mahindralastmilemobility.com/jeeto-strong-diesel-cargo
VEH-000748,Tata,Intra V50,2021,410000,135577,Diesel,1500,2940,pickup,light,flatbed,2,Hyderabad,true,excellent,regional_delivery|construction|industrial_goods,https://smalltrucks.tatamotors.com/sites/default/files/product/brochure/Intra_V50%20Brochure%20Low%20res.pdf
VEH-000749,Ashok Leyland,Partner 6 Tyre,2017,395000,198263,Diesel,4885,7490,rigid_truck,intermediate,open,2,Pune,true,fair,city_delivery|regional_delivery|logistics|industrial_goods,https://www.ashokleyland.com/in/lightvehicles/smallcommercialvechicles/partner/specification?productId=1645
VEH-000750,Tata,Ultra T.16,2017,720000,225022,Diesel,11000,16140,rigid_truck,medium,container,2,Pune,true,excellent,regional_delivery|ecommerce|fmcg|industrial_goods,https://trucks.tatamotors.com/ultra/tata-ultra-t16
VEH-000751,Tata,Intra V10,2024,550000,25048,Diesel,1000,2120,mini_truck,light,flatbed,2,Jaipur,true,good,city_delivery|market_transport|logistics,https://smalltruckstest.tatamotors.com/tata-intra-v10
VEH-000752,BharatBenz,3528C,2017,1225000,289342,Diesel,20600,35000,rigid_truck,heavy,tipper,4,Bengaluru,true,fair,mining|construction|infrastructure|aggregates,https://www.bharatbenz.com/uploads/truck_brochure/3528c-truck.pdf
VEH-000753,Tata,Signa 4825.TK,2018,2035000,140650,Diesel,38000,47500,rigid_truck,heavy,tipper,5,Jaipur,true,good,mining|construction|coal|aggregates,https://www.tatamotors.com/press-releases/tata-motors-introduces-indias-largest-tipper-truck-the-signa-4825-tk/
VEH-000754,Eicher,Pro 6028TM,2023,2730000,84624,Diesel,16500,28000,rigid_truck,heavy,tipper,3,Mumbai,true,good,construction|concrete|infrastructure|roadwork,https://www.eichertrucksandbuses.com/heavy-duty-trucks/tipper/pro-6028tm-224kw
VEH-000755,Eicher,Pro 2118,2023,2050000,36376,Diesel,12800,18000,rigid_truck,medium,flatbed,2,Kolkata,true,excellent,regional_delivery|construction|industrial_goods|market_transport,https://www.eichertrucksandbuses.com/light-medium-duty-trucks/medium-duty/pro-2118
VEH-000756,Eicher,Pro 6048XP,2025,4110000,11603,Diesel,34000,47500,rigid_truck,heavy,flatbed,5,Mumbai,true,fair,long_haul|industrial_goods|steel|market_transport,https://www.eichertrucksandbuses.com/heavy-duty-trucks/haulage/pro-6048xp
VEH-000757,Tata,Ace Gold,2021,315000,112798,Diesel,900,1835,mini_truck,light,open,2,Hyderabad,true,excellent,city_delivery|logistics|construction,https://smalltrucks.tatamotors.com/tata-ace-gold-diesel
VEH-000758,Ashok Leyland,Bada Dost i5+,2020,505000,42750,Diesel,2114,3800,pickup,light,flatbed,2,Nagpur,true,fair,heavy_delivery|construction|industrial_goods,https://www.ashokleyland.com/in/lightvehicles/smallcommercialvechicles/bada-dost-i5-lx-2/specification
VEH-000759,Ashok Leyland,Bada Dost,2014,190000,293514,CNG,1246,2880,mini_truck,light,reefer,2,Hyderabad,true,good,city_delivery|fmcg|regional_delivery,https://www.ashokleyland.com/in/lightvehicles/smallcommercialvechicles/bada-dost-cng/specification
VEH-000760,Tata,Intra V30 Gold,2021,450000,81824,Diesel,1500,2775,pickup,light,open,2,Mumbai,true,good,regional_delivery|construction|logistics,https://smalltrucks.tatamotors.com/tata-intra-v30-gold
VEH-000761,BharatBenz,1015R,2020,940000,193535,Diesel,,10600,rigid_truck,intermediate,box,2,Delhi,true,good,regional_delivery|fmcg|cold_chain|market_transport,https://www.bharatbenz.com/trucks/mdt-specifications-1015r-41
VEH-000762,Tata,Intra V30 Gold,2017,210000,132675,Diesel,1500,2775,pickup,light,open,2,Bengaluru,true,fair,regional_delivery|construction|logistics,https://smalltrucks.tatamotors.com/tata-intra-v30-gold
VEH-000763,Eicher,Pro 2059 Plus,2014,320000,215332,Diesel,,7490,rigid_truck,intermediate,open,2,Mumbai,true,excellent,city_delivery|last_mile|ecommerce|fmcg,https://www.eichertrucksandbuses.com/light-medium-duty-trucks/light-duty/pro-2059
VEH-000764,Eicher,Pro 2118,2015,710000,214022,Diesel,12800,18000,rigid_truck,medium,flatbed,2,Bengaluru,false,good,regional_delivery|construction|industrial_goods|market_transport,https://www.eichertrucksandbuses.com/light-medium-duty-trucks/medium-duty/pro-2118
VEH-000765,BharatBenz,4828RT,2015,1200000,185092,Diesel,36350,47500,rigid_truck,heavy,tipper,5,Mumbai,true,fair,mining|construction|coal|aggregates,https://www.bharatbenz.com/uploads/truck_brochure/4828rt_74.pdf
VEH-000766,Tata,Ultra T.16,2024,2075000,24058,Diesel,11000,16140,rigid_truck,medium,container,2,Kolkata,false,good,regional_delivery|ecommerce|fmcg|industrial_goods,https://trucks.tatamotors.com/ultra/tata-ultra-t16
VEH-000767,Mahindra,Jeeto Strong Diesel,2022,260000,64936,Diesel,815,1605,mini_truck,light,box,2,Delhi,true,fair,city_delivery|last_mile|vegetable_delivery,https://mahindralastmilemobility.com/jeeto-strong-diesel-cargo
VEH-000768,Mahindra,Furio 10,2016,495000,191153,Diesel,6000,10350,rigid_truck,intermediate,box,2,Pune,true,fair,regional_delivery|ecommerce|fmcg|parcel_delivery,https://www.mahindratruckandbus.com/english/pdf/icv/furio-10.pdf
VEH-000769,BharatBenz,4828RT,2017,1585000,127047,Diesel,36350,47500,rigid_truck,heavy,tipper,5,Ahmedabad,true,good,mining|construction|coal|aggregates,https://www.bharatbenz.com/uploads/truck_brochure/4828rt_74.pdf
VEH-000770,Tata,Signa 4825.TK,2024,4725000,49964,Diesel,38000,47500,rigid_truck,heavy,tipper,5,Indore,true,excellent,mining|construction|coal|aggregates,https://www.tatamotors.com/press-releases/tata-motors-introduces-indias-largest-tipper-truck-the-signa-4825-tk/
VEH-000771,Tata,Ultra T.16,2021,1000000,150643,Diesel,11000,16140,rigid_truck,medium,container,2,Ahmedabad,true,fair,regional_delivery|ecommerce|fmcg|industrial_goods,https://trucks.tatamotors.com/ultra/tata-ultra-t16
VEH-000772,Eicher,Pro 2059 Plus,2015,320000,266161,Diesel,,7490,rigid_truck,intermediate,open,2,Surat,true,good,city_delivery|last_mile|ecommerce|fmcg,https://www.eichertrucksandbuses.com/light-medium-duty-trucks/light-duty/pro-2059
VEH-000773,Tata,Signa 4825.TK,2019,2370000,78472,Diesel,38000,47500,rigid_truck,heavy,tipper,5,Bengaluru,true,good,mining|construction|coal|aggregates,https://www.tatamotors.com/press-releases/tata-motors-introduces-indias-largest-tipper-truck-the-signa-4825-tk/
VEH-000774,Eicher,Pro 2059 Plus,2014,340000,159852,Diesel,,7490,rigid_truck,intermediate,open,2,Ahmedabad,true,excellent,city_delivery|last_mile|ecommerce|fmcg,https://www.eichertrucksandbuses.com/light-medium-duty-trucks/light-duty/pro-2059
VEH-000775,BharatBenz,1917R,2017,940000,279521,Diesel,10000,18500,rigid_truck,medium,tanker,2,Delhi,true,good,regional_delivery|fuel_transport|water_transport|industrial_goods,https://www.bharatbenz.com/trucks/mdt-specifications-1917r-73
VEH-000776,Ashok Leyland,Bada Dost i4,2019,305000,214933,Diesel,1825,3490,pickup,light,container,2,Mumbai,true,fair,regional_delivery|construction|logistics,https://www.ashokleyland.com/in/lightvehicles/smallcommercialvechicles/bada-dost-i41/specification
VEH-000777,Mahindra,Jeeto Strong Diesel,2020,235000,232234,Diesel,815,1605,mini_truck,light,box,2,Pune,true,excellent,city_delivery|last_mile|vegetable_delivery,https://mahindralastmilemobility.com/jeeto-strong-diesel-cargo
VEH-000778,Mahindra,Jeeto Strong Diesel,2019,190000,106282,Diesel,815,1605,mini_truck,light,box,2,Pune,true,good,city_delivery|last_mile|vegetable_delivery,https://mahindralastmilemobility.com/jeeto-strong-diesel-cargo
VEH-000779,Eicher,Pro 2118,2024,1965000,31829,Diesel,12800,18000,rigid_truck,medium,flatbed,2,Chennai,true,good,regional_delivery|construction|industrial_goods|market_transport,https://www.eichertrucksandbuses.com/light-medium-duty-trucks/medium-duty/pro-2118
VEH-000780,BharatBenz,1015R,2021,1265000,47586,Diesel,,10600,rigid_truck,intermediate,box,2,Bengaluru,true,good,regional_delivery|fmcg|cold_chain|market_transport,https://www.bharatbenz.com/trucks/mdt-specifications-1015r-41
VEH-000781,BharatBenz,1015R,2024,1545000,66641,Diesel,,10600,rigid_truck,intermediate,box,2,Kolkata,true,good,regional_delivery|fmcg|cold_chain|market_transport,https://www.bharatbenz.com/trucks/mdt-specifications-1015r-41
VEH-000782,Eicher,Pro 2118,2019,980000,102121,Diesel,12800,18000,rigid_truck,medium,flatbed,2,Surat,true,fair,regional_delivery|construction|industrial_goods|market_transport,https://www.eichertrucksandbuses.com/light-medium-duty-trucks/medium-duty/pro-2118
VEH-000783,Tata,Ace Gold,2021,300000,127402,CNG,660,1630,mini_truck,light,box,2,Mumbai,false,good,city_delivery|last_mile|fmcg|vegetable_delivery,https://smalltrucks.tatamotors.com/assets/smalltrucks/files/2025-01/ACE%20GOLD%20CNG.pdf
VEH-000784,Mahindra,Jeeto Strong Diesel,2021,275000,52714,Diesel,815,1605,mini_truck,light,box,2,Pune,true,good,city_delivery|last_mile|vegetable_delivery,https://mahindralastmilemobility.com/jeeto-strong-diesel-cargo
VEH-000785,BharatBenz,3528C,2021,2255000,119990,Diesel,20600,35000,rigid_truck,heavy,tipper,4,Delhi,true,good,mining|construction|infrastructure|aggregates,https://www.bharatbenz.com/uploads/truck_brochure/3528c-truck.pdf
VEH-000786,BharatBenz,1917R,2023,2095000,27477,Diesel,10000,18500,rigid_truck,medium,tanker,2,Ahmedabad,true,good,regional_delivery|fuel_transport|water_transport|industrial_goods,https://www.bharatbenz.com/trucks/mdt-specifications-1917r-73
VEH-000787,BharatBenz,4828RT,2021,2680000,146879,Diesel,36350,47500,rigid_truck,heavy,tipper,5,Bengaluru,true,good,mining|construction|coal|aggregates,https://www.bharatbenz.com/uploads/truck_brochure/4828rt_74.pdf
VEH-000788,BharatBenz,1917R,2022,1840000,78248,Diesel,10000,18500,rigid_truck,medium,tanker,2,Kolkata,false,good,regional_delivery|fuel_transport|water_transport|industrial_goods,https://www.bharatbenz.com/trucks/mdt-specifications-1917r-73
VEH-000789,Tata,Ace Gold,2015,160000,189284,Diesel,900,1835,mini_truck,light,open,2,Delhi,true,good,city_delivery|logistics|construction,https://smalltrucks.tatamotors.com/tata-ace-gold-diesel
VEH-000790,Tata,Intra V30 Gold,2024,695000,21847,Diesel,1500,2775,pickup,light,open,2,Bengaluru,true,good,regional_delivery|construction|logistics,https://smalltrucks.tatamotors.com/tata-intra-v30-gold
VEH-000791,Ashok Leyland,Bada Dost i5+,2025,975000,12128,Diesel,2114,3800,pickup,light,flatbed,2,Surat,true,excellent,heavy_delivery|construction|industrial_goods,https://www.ashokleyland.com/in/lightvehicles/smallcommercialvechicles/bada-dost-i5-lx-2/specification
VEH-000792,Tata,Ace Gold,2014,165000,327546,CNG,660,1630,mini_truck,light,box,2,Pune,true,excellent,city_delivery|last_mile|fmcg|vegetable_delivery,https://smalltrucks.tatamotors.com/assets/smalltrucks/files/2025-01/ACE%20GOLD%20CNG.pdf
VEH-000793,Mahindra,Bolero Pik-Up,2020,425000,194227,Diesel,1700,3490,pickup,light,open,2,Chennai,true,excellent,regional_delivery|agriculture|construction,https://auto.mahindra.com/on/demandware.static/-/Sites-amc-Library/en_IN/-/media/project/mahindra/dotcom/mahindra/in-news---home/pr/brochure/1st.pdf
VEH-000794,Ashok Leyland,Bada Dost i6,2017,345000,108758,Diesel,2357,4100,pickup,light,open,2,Nagpur,true,fair,heavy_delivery|construction|regional_delivery,https://www.ashokleyland.com/in/lightvehicles/smallcommercialvechicles/bada-dost-i6-lx/specification
VEH-000795,Ashok Leyland,AVTR 4825 10x2,2016,1625000,136459,Diesel,32000,47500,rigid_truck,heavy,tipper,5,Kolkata,true,good,construction|coal|aggregates|roadwork,https://www.ashokleyland.com/in/pressrelease/ashok-leyland-launches-avtr-4825-10x2-tipper-with-tandem-dummy-axle
VEH-000796,Eicher,Pro 2118,2022,1625000,40899,Diesel,12800,18000,rigid_truck,medium,flatbed,2,Bengaluru,false,good,regional_delivery|construction|industrial_goods|market_transport,https://www.eichertrucksandbuses.com/light-medium-duty-trucks/medium-duty/pro-2118
VEH-000797,Ashok Leyland,Bada Dost,2020,355000,227179,CNG,1246,2880,mini_truck,light,reefer,2,Chennai,false,good,city_delivery|fmcg|regional_delivery,https://www.ashokleyland.com/in/lightvehicles/smallcommercialvechicles/bada-dost-cng/specification
VEH-000798,Mahindra,Blazo X 48,2020,1780000,156683,Diesel,32000,47500,rigid_truck,heavy,tipper,5,Indore,true,fair,mining|construction|coal|aggregates,https://www.mahindratruckandbus.com/english/pdf/hcv/blazo_48_tipper.pdf
VEH-000799,Tata,Signa 4825.TK,2014,1325000,441012,Diesel,38000,47500,rigid_truck,heavy,tipper,5,Hyderabad,true,good,mining|construction|coal|aggregates,https://www.tatamotors.com/press-releases/tata-motors-introduces-indias-largest-tipper-truck-the-signa-4825-tk/
VEH-000800,Tata,Signa 4932.T,2017,2015000,167045,Diesel,35300,49000,rigid_truck,heavy,flatbed,5,Bengaluru,false,good,long_haul|industrial_goods|steel|market_transport,https://trucks.tatamotors.com/assets/trucks/files/2026-01/tata-signa-4932t.pdf
VEH-000801,Tata,Ace Gold,2022,380000,60701,Diesel,900,1835,mini_truck,light,open,2,Hyderabad,false,fair,city_delivery|logistics|construction,https://smalltrucks.tatamotors.com/tata-ace-gold-diesel
VEH-000802,Eicher,Pro 6048XP,2025,4315000,20089,Diesel,34000,47500,rigid_truck,heavy,flatbed,5,Ahmedabad,true,fair,long_haul|industrial_goods|steel|market_transport,https://www.eichertrucksandbuses.com/heavy-duty-trucks/haulage/pro-6048xp
VEH-000803,Eicher,Pro 6048XP,2024,3945000,29138,Diesel,34000,47500,rigid_truck,heavy,flatbed,5,Hyderabad,true,good,long_haul|industrial_goods|steel|market_transport,https://www.eichertrucksandbuses.com/heavy-duty-trucks/haulage/pro-6048xp
VEH-000804,Eicher,Pro 2118,2014,605000,120735,Diesel,12800,18000,rigid_truck,medium,flatbed,2,Bengaluru,true,good,regional_delivery|construction|industrial_goods|market_transport,https://www.eichertrucksandbuses.com/light-medium-duty-trucks/medium-duty/pro-2118
VEH-000805,Tata,Intra V30 Gold,2015,200000,179678,Diesel,1500,2775,pickup,light,open,2,Ahmedabad,false,excellent,regional_delivery|construction|logistics,https://smalltrucks.tatamotors.com/tata-intra-v30-gold
VEH-000806,Mahindra,Blazo X 48,2016,1255000,291036,Diesel,32000,47500,rigid_truck,heavy,tipper,5,Jaipur,true,fair,mining|construction|coal|aggregates,https://www.mahindratruckandbus.com/english/pdf/hcv/blazo_48_tipper.pdf
VEH-000807,Ashok Leyland,Bada Dost i4,2020,410000,182801,Diesel,1825,3490,pickup,light,container,2,Bengaluru,true,excellent,regional_delivery|construction|logistics,https://www.ashokleyland.com/in/lightvehicles/smallcommercialvechicles/bada-dost-i41/specification
VEH-000808,Ashok Leyland,AVTR 4825 10x2,2025,5305000,10603,Diesel,32000,47500,rigid_truck,heavy,tipper,5,Jaipur,false,good,construction|coal|aggregates|roadwork,https://www.ashokleyland.com/in/pressrelease/ashok-leyland-launches-avtr-4825-10x2-tipper-with-tandem-dummy-axle
VEH-000809,Ashok Leyland,Bada Dost i6,2023,795000,27463,Diesel,2357,4100,pickup,light,open,2,Mumbai,true,good,heavy_delivery|construction|regional_delivery,https://www.ashokleyland.com/in/lightvehicles/smallcommercialvechicles/bada-dost-i6-lx/specification
VEH-000810,Tata,Signa 4932.T,2025,5150000,31953,Diesel,35300,49000,rigid_truck,heavy,flatbed,5,Surat,true,fair,long_haul|industrial_goods|steel|market_transport,https://trucks.tatamotors.com/assets/trucks/files/2026-01/tata-signa-4932t.pdf
VEH-000811,Tata,Intra V30 Gold,2022,420000,158164,Diesel,1500,2775,pickup,light,open,2,Mumbai,false,good,regional_delivery|construction|logistics,https://smalltrucks.tatamotors.com/tata-intra-v30-gold
VEH-000812,Eicher,Pro 2118,2014,690000,306011,Diesel,12800,18000,rigid_truck,medium,flatbed,2,Mumbai,false,excellent,regional_delivery|construction|industrial_goods|market_transport,https://www.eichertrucksandbuses.com/light-medium-duty-trucks/medium-duty/pro-2118
VEH-000813,Ashok Leyland,Dost XL,2022,435000,83782,Diesel,1400,2625,mini_truck,light,flatbed,2,Bengaluru,false,good,city_delivery|regional_delivery|logistics,https://www.ashokleyland.com/in/lightvehicles/smallcommercialvechicles/dost-xl/specification
VEH-000814,Eicher,Pro 6048XP,2015,1295000,182028,Diesel,34000,47500,rigid_truck,heavy,flatbed,5,Delhi,true,good,long_haul|industrial_goods|steel|market_transport,https://www.eichertrucksandbuses.com/heavy-duty-trucks/haulage/pro-6048xp
VEH-000815,Mahindra,Jeeto Strong Diesel,2022,250000,112854,Diesel,815,1605,mini_truck,light,box,2,Indore,true,fair,city_delivery|last_mile|vegetable_delivery,https://mahindralastmilemobility.com/jeeto-strong-diesel-cargo
VEH-000816,Tata,Ultra T.16,2025,2345000,16348,Diesel,11000,16140,rigid_truck,medium,container,2,Chennai,true,good,regional_delivery|ecommerce|fmcg|industrial_goods,https://trucks.tatamotors.com/ultra/tata-ultra-t16
VEH-000817,Tata,Signa 4825.TK,2016,1690000,122137,Diesel,38000,47500,rigid_truck,heavy,tipper,5,Jaipur,true,good,mining|construction|coal|aggregates,https://www.tatamotors.com/press-releases/tata-motors-introduces-indias-largest-tipper-truck-the-signa-4825-tk/
VEH-000818,Ashok Leyland,Bada Dost,2019,390000,77917,CNG,1246,2880,mini_truck,light,reefer,2,Ahmedabad,false,good,city_delivery|fmcg|regional_delivery,https://www.ashokleyland.com/in/lightvehicles/smallcommercialvechicles/bada-dost-cng/specification
VEH-000819,Mahindra,Jeeto Strong Diesel,2019,200000,145236,Diesel,815,1605,mini_truck,light,box,2,Nagpur,true,good,city_delivery|last_mile|vegetable_delivery,https://mahindralastmilemobility.com/jeeto-strong-diesel-cargo
VEH-000820,Tata,Intra V10,2020,250000,240563,Diesel,1000,2120,mini_truck,light,flatbed,2,Surat,true,fair,city_delivery|market_transport|logistics,https://smalltruckstest.tatamotors.com/tata-intra-v10
VEH-000821,Tata,Signa 4825.TK,2022,3785000,40014,Diesel,38000,47500,rigid_truck,heavy,tipper,5,Delhi,true,excellent,mining|construction|coal|aggregates,https://www.tatamotors.com/press-releases/tata-motors-introduces-indias-largest-tipper-truck-the-signa-4825-tk/
VEH-000822,Ashok Leyland,Dost XL,2025,730000,20855,Diesel,1400,2625,mini_truck,light,flatbed,2,Ahmedabad,false,good,city_delivery|regional_delivery|logistics,https://www.ashokleyland.com/in/lightvehicles/smallcommercialvechicles/dost-xl/specification
VEH-000823,Tata,Signa 4932.T,2020,3230000,56560,Diesel,35300,49000,rigid_truck,heavy,flatbed,5,Kolkata,false,good,long_haul|industrial_goods|steel|market_transport,https://trucks.tatamotors.com/assets/trucks/files/2026-01/tata-signa-4932t.pdf
VEH-000824,Mahindra,Furio 10,2022,1075000,135496,Diesel,6000,10350,rigid_truck,intermediate,box,2,Delhi,false,excellent,regional_delivery|ecommerce|fmcg|parcel_delivery,https://www.mahindratruckandbus.com/english/pdf/icv/furio-10.pdf
VEH-000825,Ashok Leyland,Dost XL,2015,215000,145617,Diesel,1400,2625,mini_truck,light,flatbed,2,Chennai,true,excellent,city_delivery|regional_delivery|logistics,https://www.ashokleyland.com/in/lightvehicles/smallcommercialvechicles/dost-xl/specification
VEH-000826,Tata,Ultra T.9,2020,870000,59800,Diesel,,9150,rigid_truck,intermediate,open,2,Ahmedabad,true,good,regional_delivery|ecommerce|fmcg|industrial_goods,https://trucks.tatamotors.com/ultra/tata-ultra-t9
VEH-000827,Ashok Leyland,Bada Dost i5+,2025,1010000,23208,Diesel,2114,3800,pickup,light,flatbed,2,Pune,true,good,heavy_delivery|construction|industrial_goods,https://www.ashokleyland.com/in/lightvehicles/smallcommercialvechicles/bada-dost-i5-lx-2/specification
VEH-000828,BharatBenz,1917R,2023,1770000,52911,Diesel,10000,18500,rigid_truck,medium,tanker,2,Kolkata,true,fair,regional_delivery|fuel_transport|water_transport|industrial_goods,https://www.bharatbenz.com/trucks/mdt-specifications-1917r-73
VEH-000829,Mahindra,Furio 10,2019,920000,73318,Diesel,6000,10350,rigid_truck,intermediate,box,2,Jaipur,true,excellent,regional_delivery|ecommerce|fmcg|parcel_delivery,https://www.mahindratruckandbus.com/english/pdf/icv/furio-10.pdf
VEH-000830,Mahindra,Blazo X 48,2019,2115000,223335,Diesel,32000,47500,rigid_truck,heavy,tipper,5,Delhi,true,good,mining|construction|coal|aggregates,https://www.mahindratruckandbus.com/english/pdf/hcv/blazo_48_tipper.pdf
VEH-000831,Eicher,Pro 6048T,2015,1390000,249199,Diesel,32500,47500,rigid_truck,heavy,tipper,5,Ahmedabad,true,good,mining|construction|coal|aggregates,https://www.eichertrucksandbuses.com/heavy-duty-trucks/tipper/pro-6048T
VEH-000832,BharatBenz,4828RT,2021,2665000,138885,Diesel,36350,47500,rigid_truck,heavy,tipper,5,Pune,true,excellent,mining|construction|coal|aggregates,https://www.bharatbenz.com/uploads/truck_brochure/4828rt_74.pdf
VEH-000833,Tata,Ultra T.16,2025,2050000,22856,Diesel,11000,16140,rigid_truck,medium,container,2,Chennai,true,good,regional_delivery|ecommerce|fmcg|industrial_goods,https://trucks.tatamotors.com/ultra/tata-ultra-t16
VEH-000834,Mahindra,Furio 10,2024,1660000,34493,Diesel,6000,10350,rigid_truck,intermediate,box,2,Pune,false,excellent,regional_delivery|ecommerce|fmcg|parcel_delivery,https://www.mahindratruckandbus.com/english/pdf/icv/furio-10.pdf
VEH-000835,Eicher,Pro 2118,2022,1495000,96926,Diesel,12800,18000,rigid_truck,medium,flatbed,2,Nagpur,true,good,regional_delivery|construction|industrial_goods|market_transport,https://www.eichertrucksandbuses.com/light-medium-duty-trucks/medium-duty/pro-2118
VEH-000836,BharatBenz,1015R,2024,1540000,50185,Diesel,,10600,rigid_truck,intermediate,box,2,Delhi,true,good,regional_delivery|fmcg|cold_chain|market_transport,https://www.bharatbenz.com/trucks/mdt-specifications-1015r-41
VEH-000837,Tata,Ultra T.9,2014,375000,349525,Diesel,,9150,rigid_truck,intermediate,open,2,Mumbai,true,fair,regional_delivery|ecommerce|fmcg|industrial_goods,https://trucks.tatamotors.com/ultra/tata-ultra-t9
VEH-000838,Eicher,Pro 2118,2016,745000,310131,Diesel,12800,18000,rigid_truck,medium,flatbed,2,Delhi,false,good,regional_delivery|construction|industrial_goods|market_transport,https://www.eichertrucksandbuses.com/light-medium-duty-trucks/medium-duty/pro-2118
VEH-000839,Mahindra,Blazo X 48,2022,2780000,44392,Diesel,32000,47500,rigid_truck,heavy,tipper,5,Chennai,true,fair,mining|construction|coal|aggregates,https://www.mahindratruckandbus.com/english/pdf/hcv/blazo_48_tipper.pdf
VEH-000840,Mahindra,Bolero Pik-Up,2024,770000,14101,Diesel,1700,3490,pickup,light,open,2,Jaipur,false,good,regional_delivery|agriculture|construction,https://auto.mahindra.com/on/demandware.static/-/Sites-amc-Library/en_IN/-/media/project/mahindra/dotcom/mahindra/in-news---home/pr/brochure/1st.pdf
VEH-000841,Eicher,Pro 2118,2021,1280000,163457,Diesel,12800,18000,rigid_truck,medium,flatbed,2,Indore,true,good,regional_delivery|construction|industrial_goods|market_transport,https://www.eichertrucksandbuses.com/light-medium-duty-trucks/medium-duty/pro-2118
VEH-000842,Tata,Signa 4932.T,2023,4330000,28219,Diesel,35300,49000,rigid_truck,heavy,flatbed,5,Indore,false,excellent,long_haul|industrial_goods|steel|market_transport,https://trucks.tatamotors.com/assets/trucks/files/2026-01/tata-signa-4932t.pdf
VEH-000843,Ashok Leyland,Bada Dost i5+,2023,630000,76525,Diesel,2114,3800,pickup,light,flatbed,2,Ahmedabad,true,fair,heavy_delivery|construction|industrial_goods,https://www.ashokleyland.com/in/lightvehicles/smallcommercialvechicles/bada-dost-i5-lx-2/specification
VEH-000844,Mahindra,Blazo X 48,2018,1760000,132848,Diesel,32000,47500,rigid_truck,heavy,tipper,5,Chennai,false,excellent,mining|construction|coal|aggregates,https://www.mahindratruckandbus.com/english/pdf/hcv/blazo_48_tipper.pdf
VEH-000845,BharatBenz,1015R,2016,605000,135681,Diesel,,10600,rigid_truck,intermediate,box,2,Mumbai,true,good,regional_delivery|fmcg|cold_chain|market_transport,https://www.bharatbenz.com/trucks/mdt-specifications-1015r-41
VEH-000846,BharatBenz,1917R,2019,1165000,177728,Diesel,10000,18500,rigid_truck,medium,tanker,2,Ahmedabad,true,good,regional_delivery|fuel_transport|water_transport|industrial_goods,https://www.bharatbenz.com/trucks/mdt-specifications-1917r-73
VEH-000847,BharatBenz,1015R,2017,600000,273964,Diesel,,10600,rigid_truck,intermediate,box,2,Jaipur,true,fair,regional_delivery|fmcg|cold_chain|market_transport,https://www.bharatbenz.com/trucks/mdt-specifications-1015r-41
VEH-000848,Tata,Ace Gold,2019,260000,170879,CNG,660,1630,mini_truck,light,box,2,Bengaluru,true,excellent,city_delivery|last_mile|fmcg|vegetable_delivery,https://smalltrucks.tatamotors.com/assets/smalltrucks/files/2025-01/ACE%20GOLD%20CNG.pdf
VEH-000849,Eicher,Pro 2059 Plus,2018,490000,238977,Diesel,,7490,rigid_truck,intermediate,open,2,Bengaluru,true,excellent,city_delivery|last_mile|ecommerce|fmcg,https://www.eichertrucksandbuses.com/light-medium-duty-trucks/light-duty/pro-2059
VEH-000850,Mahindra,Furio 10,2015,430000,254576,Diesel,6000,10350,rigid_truck,intermediate,box,2,Bengaluru,false,fair,regional_delivery|ecommerce|fmcg|parcel_delivery,https://www.mahindratruckandbus.com/english/pdf/icv/furio-10.pdf
VEH-000851,Eicher,Pro 2118,2019,1000000,226434,Diesel,12800,18000,rigid_truck,medium,flatbed,2,Indore,true,good,regional_delivery|construction|industrial_goods|market_transport,https://www.eichertrucksandbuses.com/light-medium-duty-trucks/medium-duty/pro-2118
VEH-000852,Ashok Leyland,Bada Dost i6,2014,270000,140737,Diesel,2357,4100,pickup,light,open,2,Hyderabad,true,excellent,heavy_delivery|construction|regional_delivery,https://www.ashokleyland.com/in/lightvehicles/smallcommercialvechicles/bada-dost-i6-lx/specification
VEH-000853,Ashok Leyland,Dost XL,2021,420000,67056,Diesel,1400,2625,mini_truck,light,flatbed,2,Jaipur,true,excellent,city_delivery|regional_delivery|logistics,https://www.ashokleyland.com/in/lightvehicles/smallcommercialvechicles/dost-xl/specification
VEH-000854,Ashok Leyland,Bada Dost,2025,780000,26923,CNG,1246,2880,mini_truck,light,reefer,2,Mumbai,true,good,city_delivery|fmcg|regional_delivery,https://www.ashokleyland.com/in/lightvehicles/smallcommercialvechicles/bada-dost-cng/specification
VEH-000855,Mahindra,Jeeto Strong Diesel,2020,175000,154095,Diesel,815,1605,mini_truck,light,box,2,Delhi,true,fair,city_delivery|last_mile|vegetable_delivery,https://mahindralastmilemobility.com/jeeto-strong-diesel-cargo
VEH-000856,Tata,Ultra T.9,2014,400000,140531,Diesel,,9150,rigid_truck,intermediate,open,2,Surat,true,good,regional_delivery|ecommerce|fmcg|industrial_goods,https://trucks.tatamotors.com/ultra/tata-ultra-t9
VEH-000857,Ashok Leyland,Bada Dost i4,2016,275000,396551,Diesel,1825,3490,pickup,light,container,2,Ahmedabad,true,excellent,regional_delivery|construction|logistics,https://www.ashokleyland.com/in/lightvehicles/smallcommercialvechicles/bada-dost-i41/specification
VEH-000858,Tata,Intra V30 Gold,2020,390000,87874,Diesel,1500,2775,pickup,light,open,2,Ahmedabad,false,good,regional_delivery|construction|logistics,https://smalltrucks.tatamotors.com/tata-intra-v30-gold
VEH-000859,Mahindra,Jeeto Strong Diesel,2020,180000,171189,Diesel,815,1605,mini_truck,light,box,2,Bengaluru,true,fair,city_delivery|last_mile|vegetable_delivery,https://mahindralastmilemobility.com/jeeto-strong-diesel-cargo
VEH-000860,Ashok Leyland,Dost XL,2020,365000,104638,Diesel,1400,2625,mini_truck,light,flatbed,2,Kolkata,true,excellent,city_delivery|regional_delivery|logistics,https://www.ashokleyland.com/in/lightvehicles/smallcommercialvechicles/dost-xl/specification
VEH-000861,Tata,Ultra T.16,2017,755000,224561,Diesel,11000,16140,rigid_truck,medium,container,2,Nagpur,false,excellent,regional_delivery|ecommerce|fmcg|industrial_goods,https://trucks.tatamotors.com/ultra/tata-ultra-t16
VEH-000862,BharatBenz,3528C,2015,1250000,266849,Diesel,20600,35000,rigid_truck,heavy,tipper,4,Chennai,true,good,mining|construction|infrastructure|aggregates,https://www.bharatbenz.com/uploads/truck_brochure/3528c-truck.pdf
VEH-000863,Mahindra,Jeeto Strong Diesel,2020,205000,157561,Diesel,815,1605,mini_truck,light,box,2,Kolkata,true,excellent,city_delivery|last_mile|vegetable_delivery,https://mahindralastmilemobility.com/jeeto-strong-diesel-cargo
VEH-000864,BharatBenz,1917R,2025,2495000,35583,Diesel,10000,18500,rigid_truck,medium,tanker,2,Indore,true,fair,regional_delivery|fuel_transport|water_transport|industrial_goods,https://www.bharatbenz.com/trucks/mdt-specifications-1917r-73
VEH-000865,BharatBenz,3528C,2021,1830000,177414,Diesel,20600,35000,rigid_truck,heavy,tipper,4,Pune,true,fair,mining|construction|infrastructure|aggregates,https://www.bharatbenz.com/uploads/truck_brochure/3528c-truck.pdf
VEH-000866,Eicher,Pro 6048XP,2018,1790000,198463,Diesel,34000,47500,rigid_truck,heavy,flatbed,5,Chennai,true,good,long_haul|industrial_goods|steel|market_transport,https://www.eichertrucksandbuses.com/heavy-duty-trucks/haulage/pro-6048xp
VEH-000867,Eicher,Pro 6048XP,2022,3030000,56653,Diesel,34000,47500,rigid_truck,heavy,flatbed,5,Chennai,false,good,long_haul|industrial_goods|steel|market_transport,https://www.eichertrucksandbuses.com/heavy-duty-trucks/haulage/pro-6048xp
VEH-000868,Mahindra,Furio 10,2021,1045000,59742,Diesel,6000,10350,rigid_truck,intermediate,box,2,Kolkata,true,good,regional_delivery|ecommerce|fmcg|parcel_delivery,https://www.mahindratruckandbus.com/english/pdf/icv/furio-10.pdf
VEH-000869,Ashok Leyland,Bada Dost,2016,215000,143451,CNG,1246,2880,mini_truck,light,reefer,2,Indore,true,fair,city_delivery|fmcg|regional_delivery,https://www.ashokleyland.com/in/lightvehicles/smallcommercialvechicles/bada-dost-cng/specification
VEH-000870,Mahindra,Jeeto Strong Diesel,2021,255000,143260,Diesel,815,1605,mini_truck,light,box,2,Nagpur,true,excellent,city_delivery|last_mile|vegetable_delivery,https://mahindralastmilemobility.com/jeeto-strong-diesel-cargo
VEH-000871,Tata,Ultra T.9,2018,550000,189766,Diesel,,9150,rigid_truck,intermediate,open,2,Hyderabad,false,fair,regional_delivery|ecommerce|fmcg|industrial_goods,https://trucks.tatamotors.com/ultra/tata-ultra-t9
VEH-000872,BharatBenz,1917R,2016,875000,144899,Diesel,10000,18500,rigid_truck,medium,tanker,2,Chennai,true,good,regional_delivery|fuel_transport|water_transport|industrial_goods,https://www.bharatbenz.com/trucks/mdt-specifications-1917r-73
VEH-000873,BharatBenz,1917R,2014,685000,155199,Diesel,10000,18500,rigid_truck,medium,tanker,2,Kolkata,true,good,regional_delivery|fuel_transport|water_transport|industrial_goods,https://www.bharatbenz.com/trucks/mdt-specifications-1917r-73
VEH-000874,Mahindra,Bolero Pik-Up,2019,375000,59546,Diesel,1700,3490,pickup,light,open,2,Delhi,true,good,regional_delivery|agriculture|construction,https://auto.mahindra.com/on/demandware.static/-/Sites-amc-Library/en_IN/-/media/project/mahindra/dotcom/mahindra/in-news---home/pr/brochure/1st.pdf
VEH-000875,Eicher,Pro 2118,2016,705000,265652,Diesel,12800,18000,rigid_truck,medium,flatbed,2,Ahmedabad,true,good,regional_delivery|construction|industrial_goods|market_transport,https://www.eichertrucksandbuses.com/light-medium-duty-trucks/medium-duty/pro-2118
VEH-000876,Ashok Leyland,Dost XL,2014,190000,302016,Diesel,1400,2625,mini_truck,light,flatbed,2,Chennai,true,excellent,city_delivery|regional_delivery|logistics,https://www.ashokleyland.com/in/lightvehicles/smallcommercialvechicles/dost-xl/specification
VEH-000877,BharatBenz,1917R,2024,2410000,52674,Diesel,10000,18500,rigid_truck,medium,tanker,2,Nagpur,true,good,regional_delivery|fuel_transport|water_transport|industrial_goods,https://www.bharatbenz.com/trucks/mdt-specifications-1917r-73
VEH-000878,Eicher,Pro 6048XP,2024,4115000,22360,Diesel,34000,47500,rigid_truck,heavy,flatbed,5,Mumbai,true,good,long_haul|industrial_goods|steel|market_transport,https://www.eichertrucksandbuses.com/heavy-duty-trucks/haulage/pro-6048xp
VEH-000879,Tata,Intra V50,2018,355000,81713,Diesel,1500,2940,pickup,light,flatbed,2,Mumbai,false,excellent,regional_delivery|construction|industrial_goods,https://smalltrucks.tatamotors.com/sites/default/files/product/brochure/Intra_V50%20Brochure%20Low%20res.pdf
VEH-000880,Ashok Leyland,AVTR 4825 10x2,2023,3485000,117048,Diesel,32000,47500,rigid_truck,heavy,tipper,5,Mumbai,true,excellent,construction|coal|aggregates|roadwork,https://www.ashokleyland.com/in/pressrelease/ashok-leyland-launches-avtr-4825-10x2-tipper-with-tandem-dummy-axle
VEH-000881,Eicher,Pro 2059 Plus,2016,320000,273908,Diesel,,7490,rigid_truck,intermediate,open,2,Chennai,true,fair,city_delivery|last_mile|ecommerce|fmcg,https://www.eichertrucksandbuses.com/light-medium-duty-trucks/light-duty/pro-2059
VEH-000882,BharatBenz,3528C,2015,1135000,287383,Diesel,20600,35000,rigid_truck,heavy,tipper,4,Chennai,true,good,mining|construction|infrastructure|aggregates,https://www.bharatbenz.com/uploads/truck_brochure/3528c-truck.pdf
VEH-000883,BharatBenz,1917R,2019,1155000,125470,Diesel,10000,18500,rigid_truck,medium,tanker,2,Indore,false,good,regional_delivery|fuel_transport|water_transport|industrial_goods,https://www.bharatbenz.com/trucks/mdt-specifications-1917r-73
VEH-000884,BharatBenz,1917R,2024,2555000,29633,Diesel,10000,18500,rigid_truck,medium,tanker,2,Chennai,true,good,regional_delivery|fuel_transport|water_transport|industrial_goods,https://www.bharatbenz.com/trucks/mdt-specifications-1917r-73
VEH-000885,Ashok Leyland,Bada Dost,2024,705000,35121,CNG,1246,2880,mini_truck,light,reefer,2,Indore,true,good,city_delivery|fmcg|regional_delivery,https://www.ashokleyland.com/in/lightvehicles/smallcommercialvechicles/bada-dost-cng/specification
VEH-000886,BharatBenz,3528C,2025,4805000,12885,Diesel,20600,35000,rigid_truck,heavy,tipper,4,Pune,true,good,mining|construction|infrastructure|aggregates,https://www.bharatbenz.com/uploads/truck_brochure/3528c-truck.pdf
VEH-000887,BharatBenz,4828RT,2024,4095000,70037,Diesel,36350,47500,rigid_truck,heavy,tipper,5,Ahmedabad,false,good,mining|construction|coal|aggregates,https://www.bharatbenz.com/uploads/truck_brochure/4828rt_74.pdf
VEH-000888,Tata,Intra V10,2019,295000,72578,Diesel,1000,2120,mini_truck,light,flatbed,2,Mumbai,true,good,city_delivery|market_transport|logistics,https://smalltruckstest.tatamotors.com/tata-intra-v10
VEH-000889,Tata,Intra V10,2023,545000,55711,Diesel,1000,2120,mini_truck,light,flatbed,2,Chennai,true,excellent,city_delivery|market_transport|logistics,https://smalltruckstest.tatamotors.com/tata-intra-v10
VEH-000890,Mahindra,Blazo X 48,2025,4570000,24447,Diesel,32000,47500,rigid_truck,heavy,tipper,5,Bengaluru,true,good,mining|construction|coal|aggregates,https://www.mahindratruckandbus.com/english/pdf/hcv/blazo_48_tipper.pdf
VEH-000891,Tata,Ace Gold,2025,590000,12731,Diesel,900,1835,mini_truck,light,open,2,Ahmedabad,true,good,city_delivery|logistics|construction,https://smalltrucks.tatamotors.com/tata-ace-gold-diesel
VEH-000892,Eicher,Pro 6048T,2025,4845000,18106,Diesel,32500,47500,rigid_truck,heavy,tipper,5,Bengaluru,true,good,mining|construction|coal|aggregates,https://www.eichertrucksandbuses.com/heavy-duty-trucks/tipper/pro-6048T
VEH-000893,Eicher,Pro 6048T,2017,1640000,266300,Diesel,32500,47500,rigid_truck,heavy,tipper,5,Kolkata,true,good,mining|construction|coal|aggregates,https://www.eichertrucksandbuses.com/heavy-duty-trucks/tipper/pro-6048T
VEH-000894,Tata,Ace Gold,2015,150000,228585,Diesel,900,1835,mini_truck,light,open,2,Indore,true,fair,city_delivery|logistics|construction,https://smalltrucks.tatamotors.com/tata-ace-gold-diesel
VEH-000895,BharatBenz,1015R,2017,605000,158201,Diesel,,10600,rigid_truck,intermediate,box,2,Hyderabad,true,fair,regional_delivery|fmcg|cold_chain|market_transport,https://www.bharatbenz.com/trucks/mdt-specifications-1015r-41
VEH-000896,Tata,Ace Gold,2018,180000,142277,CNG,660,1630,mini_truck,light,box,2,Pune,true,fair,city_delivery|last_mile|fmcg|vegetable_delivery,https://smalltrucks.tatamotors.com/assets/smalltrucks/files/2025-01/ACE%20GOLD%20CNG.pdf
VEH-000897,Mahindra,Furio 10,2021,1015000,39417,Diesel,6000,10350,rigid_truck,intermediate,box,2,Mumbai,true,good,regional_delivery|ecommerce|fmcg|parcel_delivery,https://www.mahindratruckandbus.com/english/pdf/icv/furio-10.pdf
VEH-000898,BharatBenz,3528C,2021,2560000,94755,Diesel,20600,35000,rigid_truck,heavy,tipper,4,Jaipur,false,good,mining|construction|infrastructure|aggregates,https://www.bharatbenz.com/uploads/truck_brochure/3528c-truck.pdf
VEH-000899,BharatBenz,1917R,2018,900000,118346,Diesel,10000,18500,rigid_truck,medium,tanker,2,Bengaluru,true,fair,regional_delivery|fuel_transport|water_transport|industrial_goods,https://www.bharatbenz.com/trucks/mdt-specifications-1917r-73
VEH-000900,Ashok Leyland,Bada Dost i6,2023,635000,106029,Diesel,2357,4100,pickup,light,open,2,Mumbai,true,good,heavy_delivery|construction|regional_delivery,https://www.ashokleyland.com/in/lightvehicles/smallcommercialvechicles/bada-dost-i6-lx/specification
VEH-000901,BharatBenz,1015R,2019,710000,141853,Diesel,,10600,rigid_truck,intermediate,box,2,Ahmedabad,false,fair,regional_delivery|fmcg|cold_chain|market_transport,https://www.bharatbenz.com/trucks/mdt-specifications-1015r-41
VEH-000902,BharatBenz,4828RT,2015,1270000,122746,Diesel,36350,47500,rigid_truck,heavy,tipper,5,Pune,true,fair,mining|construction|coal|aggregates,https://www.bharatbenz.com/uploads/truck_brochure/4828rt_74.pdf
VEH-000903,Tata,Signa 4825.TK,2024,4295000,43322,Diesel,38000,47500,rigid_truck,heavy,tipper,5,Kolkata,true,excellent,mining|construction|coal|aggregates,https://www.tatamotors.com/press-releases/tata-motors-introduces-indias-largest-tipper-truck-the-signa-4825-tk/
VEH-000904,BharatBenz,1917R,2020,1425000,68090,Diesel,10000,18500,rigid_truck,medium,tanker,2,Chennai,true,good,regional_delivery|fuel_transport|water_transport|industrial_goods,https://www.bharatbenz.com/trucks/mdt-specifications-1917r-73
VEH-000905,Eicher,Pro 2059 Plus,2025,1235000,17137,Diesel,,7490,rigid_truck,intermediate,open,2,Mumbai,false,good,city_delivery|last_mile|ecommerce|fmcg,https://www.eichertrucksandbuses.com/light-medium-duty-trucks/light-duty/pro-2059
VEH-000906,Tata,Ultra T.16,2021,1105000,133261,Diesel,11000,16140,rigid_truck,medium,container,2,Kolkata,true,excellent,regional_delivery|ecommerce|fmcg|industrial_goods,https://trucks.tatamotors.com/ultra/tata-ultra-t16
VEH-000907,Tata,Ultra T.16,2024,1865000,44405,Diesel,11000,16140,rigid_truck,medium,container,2,Hyderabad,true,excellent,regional_delivery|ecommerce|fmcg|industrial_goods,https://trucks.tatamotors.com/ultra/tata-ultra-t16
VEH-000908,Eicher,Pro 2059 Plus,2022,680000,92045,Diesel,,7490,rigid_truck,intermediate,open,2,Hyderabad,true,fair,city_delivery|last_mile|ecommerce|fmcg,https://www.eichertrucksandbuses.com/light-medium-duty-trucks/light-duty/pro-2059
VEH-000909,Tata,Signa 4825.TK,2019,2275000,220592,Diesel,38000,47500,rigid_truck,heavy,tipper,5,Pune,false,good,mining|construction|coal|aggregates,https://www.tatamotors.com/press-releases/tata-motors-introduces-indias-largest-tipper-truck-the-signa-4825-tk/
VEH-000910,Tata,Ace Gold,2015,170000,270221,Diesel,900,1835,mini_truck,light,open,2,Jaipur,true,good,city_delivery|logistics|construction,https://smalltrucks.tatamotors.com/tata-ace-gold-diesel
VEH-000911,Mahindra,Bolero Pik-Up,2017,270000,185594,Diesel,1700,3490,pickup,light,open,2,Jaipur,true,good,regional_delivery|agriculture|construction,https://auto.mahindra.com/on/demandware.static/-/Sites-amc-Library/en_IN/-/media/project/mahindra/dotcom/mahindra/in-news---home/pr/brochure/1st.pdf
VEH-000912,Ashok Leyland,AVTR 4825 10x2,2014,1110000,322760,Diesel,32000,47500,rigid_truck,heavy,tipper,5,Pune,true,fair,construction|coal|aggregates|roadwork,https://www.ashokleyland.com/in/pressrelease/ashok-leyland-launches-avtr-4825-10x2-tipper-with-tandem-dummy-axle
VEH-000913,Tata,Ultra T.16,2018,825000,204530,Diesel,11000,16140,rigid_truck,medium,container,2,Pune,true,good,regional_delivery|ecommerce|fmcg|industrial_goods,https://trucks.tatamotors.com/ultra/tata-ultra-t16
VEH-000914,Tata,Intra V30 Gold,2020,375000,68137,Diesel,1500,2775,pickup,light,open,2,Mumbai,true,good,regional_delivery|construction|logistics,https://smalltrucks.tatamotors.com/tata-intra-v30-gold
VEH-000915,Tata,Ace Gold,2015,160000,258743,Diesel,900,1835,mini_truck,light,open,2,Mumbai,true,excellent,city_delivery|logistics|construction,https://smalltrucks.tatamotors.com/tata-ace-gold-diesel
VEH-000916,Tata,Signa 4932.T,2023,4255000,36399,Diesel,35300,49000,rigid_truck,heavy,flatbed,5,Hyderabad,true,good,long_haul|industrial_goods|steel|market_transport,https://trucks.tatamotors.com/assets/trucks/files/2026-01/tata-signa-4932t.pdf
VEH-000917,BharatBenz,1917R,2025,2810000,20753,Diesel,10000,18500,rigid_truck,medium,tanker,2,Bengaluru,false,good,regional_delivery|fuel_transport|water_transport|industrial_goods,https://www.bharatbenz.com/trucks/mdt-specifications-1917r-73
VEH-000918,Tata,Signa 4825.TK,2018,1975000,161693,Diesel,38000,47500,rigid_truck,heavy,tipper,5,Mumbai,true,good,mining|construction|coal|aggregates,https://www.tatamotors.com/press-releases/tata-motors-introduces-indias-largest-tipper-truck-the-signa-4825-tk/
VEH-000919,Tata,Ultra T.16,2018,795000,182439,Diesel,11000,16140,rigid_truck,medium,container,2,Hyderabad,true,excellent,regional_delivery|ecommerce|fmcg|industrial_goods,https://trucks.tatamotors.com/ultra/tata-ultra-t16
VEH-000920,Ashok Leyland,AVTR 4825 10x2,2016,1525000,129609,Diesel,32000,47500,rigid_truck,heavy,tipper,5,Chennai,true,good,construction|coal|aggregates|roadwork,https://www.ashokleyland.com/in/pressrelease/ashok-leyland-launches-avtr-4825-10x2-tipper-with-tandem-dummy-axle
VEH-000921,Tata,Ace Gold,2025,615000,11035,CNG,660,1630,mini_truck,light,box,2,Kolkata,true,good,city_delivery|last_mile|fmcg|vegetable_delivery,https://smalltrucks.tatamotors.com/assets/smalltrucks/files/2025-01/ACE%20GOLD%20CNG.pdf
VEH-000922,Mahindra,Blazo X 48,2023,3425000,63443,Diesel,32000,47500,rigid_truck,heavy,tipper,5,Mumbai,true,good,mining|construction|coal|aggregates,https://www.mahindratruckandbus.com/english/pdf/hcv/blazo_48_tipper.pdf
VEH-000923,Tata,Ultra T.16,2022,1175000,114178,Diesel,11000,16140,rigid_truck,medium,container,2,Pune,false,good,regional_delivery|ecommerce|fmcg|industrial_goods,https://trucks.tatamotors.com/ultra/tata-ultra-t16
VEH-000924,Tata,Ultra T.16,2024,1950000,32420,Diesel,11000,16140,rigid_truck,medium,container,2,Bengaluru,true,good,regional_delivery|ecommerce|fmcg|industrial_goods,https://trucks.tatamotors.com/ultra/tata-ultra-t16
VEH-000925,Eicher,Pro 6028TM,2016,1310000,170936,Diesel,16500,28000,rigid_truck,heavy,tipper,3,Kolkata,true,excellent,construction|concrete|infrastructure|roadwork,https://www.eichertrucksandbuses.com/heavy-duty-trucks/tipper/pro-6028tm-224kw
VEH-000926,Tata,Ace Gold,2015,150000,184656,CNG,660,1630,mini_truck,light,box,2,Ahmedabad,true,good,city_delivery|last_mile|fmcg|vegetable_delivery,https://smalltrucks.tatamotors.com/assets/smalltrucks/files/2025-01/ACE%20GOLD%20CNG.pdf
VEH-000927,Eicher,Pro 6048XP,2022,2565000,71132,Diesel,34000,47500,rigid_truck,heavy,flatbed,5,Mumbai,true,fair,long_haul|industrial_goods|steel|market_transport,https://www.eichertrucksandbuses.com/heavy-duty-trucks/haulage/pro-6048xp
VEH-000928,Tata,Intra V50,2018,260000,122509,Diesel,1500,2940,pickup,light,flatbed,2,Indore,true,fair,regional_delivery|construction|industrial_goods,https://smalltrucks.tatamotors.com/sites/default/files/product/brochure/Intra_V50%20Brochure%20Low%20res.pdf
VEH-000929,Tata,Intra V30 Gold,2021,320000,132075,Diesel,1500,2775,pickup,light,open,2,Delhi,true,fair,regional_delivery|construction|logistics,https://smalltrucks.tatamotors.com/tata-intra-v30-gold
VEH-000930,Tata,Ace Gold,2025,635000,24720,Diesel,900,1835,mini_truck,light,open,2,Pune,true,good,city_delivery|logistics|construction,https://smalltrucks.tatamotors.com/tata-ace-gold-diesel
VEH-000931,Eicher,Pro 2059 Plus,2020,585000,148697,Diesel,,7490,rigid_truck,intermediate,open,2,Hyderabad,true,good,city_delivery|last_mile|ecommerce|fmcg,https://www.eichertrucksandbuses.com/light-medium-duty-trucks/light-duty/pro-2059
VEH-000932,Tata,Ultra T.16,2023,1720000,42289,Diesel,11000,16140,rigid_truck,medium,container,2,Bengaluru,true,excellent,regional_delivery|ecommerce|fmcg|industrial_goods,https://trucks.tatamotors.com/ultra/tata-ultra-t16
VEH-000933,Ashok Leyland,AVTR 4825 10x2,2025,5215000,34918,Diesel,32000,47500,rigid_truck,heavy,tipper,5,Kolkata,true,excellent,construction|coal|aggregates|roadwork,https://www.ashokleyland.com/in/pressrelease/ashok-leyland-launches-avtr-4825-10x2-tipper-with-tandem-dummy-axle
VEH-000934,Tata,Intra V50,2023,465000,91283,Diesel,1500,2940,pickup,light,flatbed,2,Mumbai,true,fair,regional_delivery|construction|industrial_goods,https://smalltrucks.tatamotors.com/sites/default/files/product/brochure/Intra_V50%20Brochure%20Low%20res.pdf
VEH-000935,Tata,Ultra T.16,2023,1435000,69858,Diesel,11000,16140,rigid_truck,medium,container,2,Bengaluru,true,fair,regional_delivery|ecommerce|fmcg|industrial_goods,https://trucks.tatamotors.com/ultra/tata-ultra-t16
VEH-000936,Ashok Leyland,Bada Dost i6,2020,480000,166023,Diesel,2357,4100,pickup,light,open,2,Delhi,true,good,heavy_delivery|construction|regional_delivery,https://www.ashokleyland.com/in/lightvehicles/smallcommercialvechicles/bada-dost-i6-lx/specification
VEH-000937,Tata,Signa 4825.TK,2022,3220000,72770,Diesel,38000,47500,rigid_truck,heavy,tipper,5,Delhi,true,good,mining|construction|coal|aggregates,https://www.tatamotors.com/press-releases/tata-motors-introduces-indias-largest-tipper-truck-the-signa-4825-tk/
VEH-000938,Tata,Intra V10,2020,310000,100518,Diesel,1000,2120,mini_truck,light,flatbed,2,Bengaluru,true,excellent,city_delivery|market_transport|logistics,https://smalltruckstest.tatamotors.com/tata-intra-v10
VEH-000939,BharatBenz,1015R,2017,630000,234300,Diesel,,10600,rigid_truck,intermediate,box,2,Pune,true,good,regional_delivery|fmcg|cold_chain|market_transport,https://www.bharatbenz.com/trucks/mdt-specifications-1015r-41
VEH-000940,Tata,Ace Gold,2023,410000,58445,CNG,660,1630,mini_truck,light,box,2,Mumbai,false,good,city_delivery|last_mile|fmcg|vegetable_delivery,https://smalltrucks.tatamotors.com/assets/smalltrucks/files/2025-01/ACE%20GOLD%20CNG.pdf
VEH-000941,Tata,Ultra T.9,2021,905000,61786,Diesel,,9150,rigid_truck,intermediate,open,2,Delhi,true,excellent,regional_delivery|ecommerce|fmcg|industrial_goods,https://trucks.tatamotors.com/ultra/tata-ultra-t9
VEH-000942,Tata,Intra V50,2014,175000,472624,Diesel,1500,2940,pickup,light,flatbed,2,Hyderabad,true,fair,regional_delivery|construction|industrial_goods,https://smalltrucks.tatamotors.com/sites/default/files/product/brochure/Intra_V50%20Brochure%20Low%20res.pdf
VEH-000943,BharatBenz,3528C,2021,2660000,46984,Diesel,20600,35000,rigid_truck,heavy,tipper,4,Indore,false,good,mining|construction|infrastructure|aggregates,https://www.bharatbenz.com/uploads/truck_brochure/3528c-truck.pdf
VEH-000944,Tata,Signa 4825.TK,2018,1610000,236952,Diesel,38000,47500,rigid_truck,heavy,tipper,5,Bengaluru,true,fair,mining|construction|coal|aggregates,https://www.tatamotors.com/press-releases/tata-motors-introduces-indias-largest-tipper-truck-the-signa-4825-tk/
VEH-000945,Eicher,Pro 2118,2022,1450000,103941,Diesel,12800,18000,rigid_truck,medium,flatbed,2,Surat,true,good,regional_delivery|construction|industrial_goods|market_transport,https://www.eichertrucksandbuses.com/light-medium-duty-trucks/medium-duty/pro-2118
VEH-000946,Tata,Intra V30 Gold,2019,300000,284051,Diesel,1500,2775,pickup,light,open,2,Surat,true,good,regional_delivery|construction|logistics,https://smalltrucks.tatamotors.com/tata-intra-v30-gold
VEH-000947,Tata,Intra V10,2021,310000,121438,Diesel,1000,2120,mini_truck,light,flatbed,2,Pune,true,fair,city_delivery|market_transport|logistics,https://smalltruckstest.tatamotors.com/tata-intra-v10
VEH-000948,Eicher,Pro 2118,2014,635000,276597,Diesel,12800,18000,rigid_truck,medium,flatbed,2,Mumbai,true,good,regional_delivery|construction|industrial_goods|market_transport,https://www.eichertrucksandbuses.com/light-medium-duty-trucks/medium-duty/pro-2118
VEH-000949,Eicher,Pro 6028TM,2016,1120000,329214,Diesel,16500,28000,rigid_truck,heavy,tipper,3,Bengaluru,true,fair,construction|concrete|infrastructure|roadwork,https://www.eichertrucksandbuses.com/heavy-duty-trucks/tipper/pro-6028tm-224kw
VEH-000950,Tata,Signa 4932.T,2017,2005000,156980,Diesel,35300,49000,rigid_truck,heavy,flatbed,5,Bengaluru,false,excellent,long_haul|industrial_goods|steel|market_transport,https://trucks.tatamotors.com/assets/trucks/files/2026-01/tata-signa-4932t.pdf
VEH-000951,Tata,Ace Gold,2015,150000,240981,Diesel,900,1835,mini_truck,light,open,2,Mumbai,true,fair,city_delivery|logistics|construction,https://smalltrucks.tatamotors.com/tata-ace-gold-diesel
VEH-000952,Eicher,Pro 6048XP,2021,2540000,63888,Diesel,34000,47500,rigid_truck,heavy,flatbed,5,Mumbai,true,good,long_haul|industrial_goods|steel|market_transport,https://www.eichertrucksandbuses.com/heavy-duty-trucks/haulage/pro-6048xp
VEH-000953,Mahindra,Bolero Pik-Up,2019,365000,114540,Diesel,1700,3490,pickup,light,open,2,Kolkata,true,excellent,regional_delivery|agriculture|construction,https://auto.mahindra.com/on/demandware.static/-/Sites-amc-Library/en_IN/-/media/project/mahindra/dotcom/mahindra/in-news---home/pr/brochure/1st.pdf
VEH-000954,Ashok Leyland,AVTR 4825 10x2,2023,3575000,40011,Diesel,32000,47500,rigid_truck,heavy,tipper,5,Delhi,true,fair,construction|coal|aggregates|roadwork,https://www.ashokleyland.com/in/pressrelease/ashok-leyland-launches-avtr-4825-10x2-tipper-with-tandem-dummy-axle
VEH-000955,Tata,Intra V30 Gold,2017,230000,309572,Diesel,1500,2775,pickup,light,open,2,Delhi,true,good,regional_delivery|construction|logistics,https://smalltrucks.tatamotors.com/tata-intra-v30-gold
VEH-000956,Tata,Intra V30 Gold,2017,215000,203662,Diesel,1500,2775,pickup,light,open,2,Hyderabad,true,fair,regional_delivery|construction|logistics,https://smalltrucks.tatamotors.com/tata-intra-v30-gold
VEH-000957,Ashok Leyland,Dost XL,2020,295000,217492,Diesel,1400,2625,mini_truck,light,flatbed,2,Surat,false,fair,city_delivery|regional_delivery|logistics,https://www.ashokleyland.com/in/lightvehicles/smallcommercialvechicles/dost-xl/specification
VEH-000958,Tata,Intra V10,2016,200000,309383,Diesel,1000,2120,mini_truck,light,flatbed,2,Chennai,true,good,city_delivery|market_transport|logistics,https://smalltruckstest.tatamotors.com/tata-intra-v10
VEH-000959,Tata,Ultra T.16,2022,1435000,46739,Diesel,11000,16140,rigid_truck,medium,container,2,Nagpur,true,good,regional_delivery|ecommerce|fmcg|industrial_goods,https://trucks.tatamotors.com/ultra/tata-ultra-t16
VEH-000960,Tata,Ultra T.16,2018,870000,214106,Diesel,11000,16140,rigid_truck,medium,container,2,Mumbai,true,good,regional_delivery|ecommerce|fmcg|industrial_goods,https://trucks.tatamotors.com/ultra/tata-ultra-t16
VEH-000961,Eicher,Pro 6028TM,2019,1595000,132714,Diesel,16500,28000,rigid_truck,heavy,tipper,3,Mumbai,true,good,construction|concrete|infrastructure|roadwork,https://www.eichertrucksandbuses.com/heavy-duty-trucks/tipper/pro-6028tm-224kw
VEH-000962,Eicher,Pro 2118,2019,870000,151399,Diesel,12800,18000,rigid_truck,medium,flatbed,2,Mumbai,true,fair,regional_delivery|construction|industrial_goods|market_transport,https://www.eichertrucksandbuses.com/light-medium-duty-trucks/medium-duty/pro-2118
VEH-000963,Eicher,Pro 6028TM,2015,1055000,351454,Diesel,16500,28000,rigid_truck,heavy,tipper,3,Chennai,true,good,construction|concrete|infrastructure|roadwork,https://www.eichertrucksandbuses.com/heavy-duty-trucks/tipper/pro-6028tm-224kw
VEH-000964,Ashok Leyland,Dost XL,2021,440000,55492,Diesel,1400,2625,mini_truck,light,flatbed,2,Pune,true,excellent,city_delivery|regional_delivery|logistics,https://www.ashokleyland.com/in/lightvehicles/smallcommercialvechicles/dost-xl/specification
VEH-000965,Tata,Ace Gold,2015,165000,274459,Diesel,900,1835,mini_truck,light,open,2,Delhi,true,good,city_delivery|logistics|construction,https://smalltrucks.tatamotors.com/tata-ace-gold-diesel
VEH-000966,BharatBenz,3528C,2022,2480000,98787,Diesel,20600,35000,rigid_truck,heavy,tipper,4,Hyderabad,true,fair,mining|construction|infrastructure|aggregates,https://www.bharatbenz.com/uploads/truck_brochure/3528c-truck.pdf
VEH-000967,Eicher,Pro 6048XP,2014,1105000,211151,Diesel,34000,47500,rigid_truck,heavy,flatbed,5,Bengaluru,true,good,long_haul|industrial_goods|steel|market_transport,https://www.eichertrucksandbuses.com/heavy-duty-trucks/haulage/pro-6048xp
VEH-000968,Tata,Intra V30 Gold,2022,505000,33334,Diesel,1500,2775,pickup,light,open,2,Surat,true,excellent,regional_delivery|construction|logistics,https://smalltrucks.tatamotors.com/tata-intra-v30-gold
VEH-000969,Tata,Ace Gold,2015,175000,165145,Diesel,900,1835,mini_truck,light,open,2,Surat,true,excellent,city_delivery|logistics|construction,https://smalltrucks.tatamotors.com/tata-ace-gold-diesel
VEH-000970,BharatBenz,1917R,2022,1615000,97595,Diesel,10000,18500,rigid_truck,medium,tanker,2,Mumbai,true,good,regional_delivery|fuel_transport|water_transport|industrial_goods,https://www.bharatbenz.com/trucks/mdt-specifications-1917r-73
VEH-000971,Ashok Leyland,Bada Dost i5+,2020,490000,47562,Diesel,2114,3800,pickup,light,flatbed,2,Surat,true,good,heavy_delivery|construction|industrial_goods,https://www.ashokleyland.com/in/lightvehicles/smallcommercialvechicles/bada-dost-i5-lx-2/specification
VEH-000972,Tata,Ace Gold,2022,420000,77357,Diesel,900,1835,mini_truck,light,open,2,Mumbai,true,good,city_delivery|logistics|construction,https://smalltrucks.tatamotors.com/tata-ace-gold-diesel
VEH-000973,Mahindra,Blazo X 48,2021,2605000,58292,Diesel,32000,47500,rigid_truck,heavy,tipper,5,Chennai,false,fair,mining|construction|coal|aggregates,https://www.mahindratruckandbus.com/english/pdf/hcv/blazo_48_tipper.pdf
VEH-000974,Eicher,Pro 2118,2023,1770000,97770,Diesel,12800,18000,rigid_truck,medium,flatbed,2,Chennai,true,good,regional_delivery|construction|industrial_goods|market_transport,https://www.eichertrucksandbuses.com/light-medium-duty-trucks/medium-duty/pro-2118
VEH-000975,Ashok Leyland,Bada Dost i4,2018,325000,165137,Diesel,1825,3490,pickup,light,container,2,Chennai,true,good,regional_delivery|construction|logistics,https://www.ashokleyland.com/in/lightvehicles/smallcommercialvechicles/bada-dost-i41/specification
VEH-000976,Tata,Ace Gold,2021,305000,88095,Diesel,900,1835,mini_truck,light,open,2,Mumbai,true,fair,city_delivery|logistics|construction,https://smalltrucks.tatamotors.com/tata-ace-gold-diesel
VEH-000977,Tata,Intra V10,2019,290000,110185,Diesel,1000,2120,mini_truck,light,flatbed,2,Indore,true,good,city_delivery|market_transport|logistics,https://smalltruckstest.tatamotors.com/tata-intra-v10
VEH-000978,Mahindra,Blazo X 48,2021,2300000,98632,Diesel,32000,47500,rigid_truck,heavy,tipper,5,Indore,true,fair,mining|construction|coal|aggregates,https://www.mahindratruckandbus.com/english/pdf/hcv/blazo_48_tipper.pdf
VEH-000979,Tata,Ace Gold,2022,330000,117252,CNG,660,1630,mini_truck,light,box,2,Jaipur,true,good,city_delivery|last_mile|fmcg|vegetable_delivery,https://smalltrucks.tatamotors.com/assets/smalltrucks/files/2025-01/ACE%20GOLD%20CNG.pdf
VEH-000980,Ashok Leyland,Bada Dost i5+,2014,220000,326327,Diesel,2114,3800,pickup,light,flatbed,2,Delhi,true,fair,heavy_delivery|construction|industrial_goods,https://www.ashokleyland.com/in/lightvehicles/smallcommercialvechicles/bada-dost-i5-lx-2/specification
VEH-000981,Ashok Leyland,Dost XL,2024,620000,22204,Diesel,1400,2625,mini_truck,light,flatbed,2,Mumbai,true,fair,city_delivery|regional_delivery|logistics,https://www.ashokleyland.com/in/lightvehicles/smallcommercialvechicles/dost-xl/specification
VEH-000982,Ashok Leyland,Partner 6 Tyre,2022,805000,77730,Diesel,4885,7490,rigid_truck,intermediate,open,2,Chennai,true,good,city_delivery|regional_delivery|logistics|industrial_goods,https://www.ashokleyland.com/in/lightvehicles/smallcommercialvechicles/partner/specification?productId=1645
VEH-000983,Tata,Intra V30 Gold,2021,345000,90064,Diesel,1500,2775,pickup,light,open,2,Jaipur,true,fair,regional_delivery|construction|logistics,https://smalltrucks.tatamotors.com/tata-intra-v30-gold
VEH-000984,Eicher,Pro 6028TM,2019,1750000,118944,Diesel,16500,28000,rigid_truck,heavy,tipper,3,Kolkata,true,good,construction|concrete|infrastructure|roadwork,https://www.eichertrucksandbuses.com/heavy-duty-trucks/tipper/pro-6028tm-224kw
VEH-000985,BharatBenz,4828RT,2025,4485000,31011,Diesel,36350,47500,rigid_truck,heavy,tipper,5,Nagpur,true,fair,mining|construction|coal|aggregates,https://www.bharatbenz.com/uploads/truck_brochure/4828rt_74.pdf
VEH-000986,Ashok Leyland,Bada Dost i6,2023,765000,46343,Diesel,2357,4100,pickup,light,open,2,Hyderabad,true,good,heavy_delivery|construction|regional_delivery,https://www.ashokleyland.com/in/lightvehicles/smallcommercialvechicles/bada-dost-i6-lx/specification
VEH-000987,Ashok Leyland,Bada Dost i6,2018,405000,95398,Diesel,2357,4100,pickup,light,open,2,Ahmedabad,true,excellent,heavy_delivery|construction|regional_delivery,https://www.ashokleyland.com/in/lightvehicles/smallcommercialvechicles/bada-dost-i6-lx/specification
VEH-000988,BharatBenz,1015R,2019,805000,211890,Diesel,,10600,rigid_truck,intermediate,box,2,Hyderabad,true,good,regional_delivery|fmcg|cold_chain|market_transport,https://www.bharatbenz.com/trucks/mdt-specifications-1015r-41
VEH-000989,Tata,Ace Gold,2019,235000,154376,Diesel,900,1835,mini_truck,light,open,2,Kolkata,true,fair,city_delivery|logistics|construction,https://smalltrucks.tatamotors.com/tata-ace-gold-diesel
VEH-000990,Ashok Leyland,Bada Dost i6,2018,395000,252175,Diesel,2357,4100,pickup,light,open,2,Nagpur,true,good,heavy_delivery|construction|regional_delivery,https://www.ashokleyland.com/in/lightvehicles/smallcommercialvechicles/bada-dost-i6-lx/specification
VEH-000991,Tata,Ace Gold,2020,280000,189819,CNG,660,1630,mini_truck,light,box,2,Delhi,true,excellent,city_delivery|last_mile|fmcg|vegetable_delivery,https://smalltrucks.tatamotors.com/assets/smalltrucks/files/2025-01/ACE%20GOLD%20CNG.pdf
VEH-000992,Mahindra,Blazo X 48,2021,2505000,84648,Diesel,32000,47500,rigid_truck,heavy,tipper,5,Mumbai,true,fair,mining|construction|coal|aggregates,https://www.mahindratruckandbus.com/english/pdf/hcv/blazo_48_tipper.pdf
VEH-000993,Eicher,Pro 2118,2019,885000,227341,Diesel,12800,18000,rigid_truck,medium,flatbed,2,Delhi,true,fair,regional_delivery|construction|industrial_goods|market_transport,https://www.eichertrucksandbuses.com/light-medium-duty-trucks/medium-duty/pro-2118
VEH-000994,Eicher,Pro 6048T,2014,1340000,214905,Diesel,32500,47500,rigid_truck,heavy,tipper,5,Hyderabad,true,good,mining|construction|coal|aggregates,https://www.eichertrucksandbuses.com/heavy-duty-trucks/tipper/pro-6048T
VEH-000995,Tata,Signa 4932.T,2024,4285000,59786,Diesel,35300,49000,rigid_truck,heavy,flatbed,5,Delhi,true,fair,long_haul|industrial_goods|steel|market_transport,https://trucks.tatamotors.com/assets/trucks/files/2026-01/tata-signa-4932t.pdf
VEH-000996,BharatBenz,1917R,2021,1375000,51046,Diesel,10000,18500,rigid_truck,medium,tanker,2,Mumbai,true,fair,regional_delivery|fuel_transport|water_transport|industrial_goods,https://www.bharatbenz.com/trucks/mdt-specifications-1917r-73
VEH-000997,Eicher,Pro 2059 Plus,2014,325000,221736,Diesel,,7490,rigid_truck,intermediate,open,2,Delhi,true,good,city_delivery|last_mile|ecommerce|fmcg,https://www.eichertrucksandbuses.com/light-medium-duty-trucks/light-duty/pro-2059
VEH-000998,BharatBenz,4828RT,2016,1575000,297003,Diesel,36350,47500,rigid_truck,heavy,tipper,5,Surat,true,good,mining|construction|coal|aggregates,https://www.bharatbenz.com/uploads/truck_brochure/4828rt_74.pdf
VEH-000999,Eicher,Pro 6048XP,2018,1835000,275464,Diesel,34000,47500,rigid_truck,heavy,flatbed,5,Mumbai,true,excellent,long_haul|industrial_goods|steel|market_transport,https://www.eichertrucksandbuses.com/heavy-duty-trucks/haulage/pro-6048xp
VEH-001000,Tata,Ace Gold,2020,340000,56137,Diesel,900,1835,mini_truck,light,open,2,Mumbai,true,good,city_delivery|logistics|construction,https://smalltrucks.tatamotors.com/tata-ace-gold-diesel
